[11:46:10] [main/INFO]: ModLauncher running: args [--username, spotsimon2011, --version, Industrial minecraft, --gameDir, C:\Users\User\AppData\Roaming\.minecraft\versions\Industrial minecraft, --assetsDir, C:\Users\User\AppData\Roaming\.minecraft\assets, --assetIndex, 17, --uuid, 3714f8b3675d4eb697c155f8d59180cb, --accessToken, ❄❄❄❄❄❄❄❄, --clientId, null, --xuid, null, --userType, mojang, --versionType, modified, --width, 925, --height, 530, --fml.neoForgeVersion, 21.1.250, --fml.fmlVersion, 4.0.44, --fml.mcVersion, 1.21.1, --fml.neoFormVersion, 20240808.144430, --launchTarget, forgeclient]
[11:46:10] [main/INFO]: JVM identified as Microsoft OpenJDK 64-Bit Server VM 21.0.7+6-LTS
[11:46:10] [main/INFO]: ModLauncher 11.0.5+main.901c6ea8 starting: java version 21.0.7 by Microsoft; OS Windows 10 arch amd64 version 10.0
[11:46:10] [main/INFO]: Searching for graphics cards...
[11:46:10] [main/INFO]: Found graphics adapter: AdapterInfo{vendor=AMD, description='AMD Radeon 760M Graphics', adapterType=0x00002323, openglIcdFilePath='C:\Windows\System32\DriverStore\FileRepository\u0199744.inf_amd64_88dc5cc617fec984\B025903\atig6pxx.dll', openglIcdVersion=32.0.13030.13001}
[11:46:10] [main/INFO]: Found graphics adapter: AdapterInfo{vendor=NVIDIA, description='NVIDIA GeForce RTX 5060 Laptop GPU', adapterType=0x0000231B, openglIcdFilePath='C:\Windows\System32\DriverStore\FileRepository\nvaci.inf_amd64_c03625c4f0b2fb0c\nvoglv64.dll', openglIcdVersion=32.0.16.1047}
[11:46:10] [main/WARN]: Sodium has applied one or more workarounds to prevent crashes or other issues on your system: [NVIDIA_THREADED_OPTIMIZATIONS_BROKEN, AMD_GAME_OPTIMIZATION_BROKEN]
[11:46:10] [main/WARN]: This is not necessarily an issue, but it may result in certain features or optimizations being disabled. You can sometimes fix these issues by upgrading your graphics driver.
[11:46:10] [main/INFO]: Modifying process environment to apply workarounds for the NVIDIA graphics driver...
[11:46:10] [main/INFO]: Loading ImmediateWindowProvider fmlearlywindow
[11:46:10] [main/INFO]: Trying GL version 4.6
[11:46:11] [main/INFO]: Requested GL version 4.6 got version 4.6
[11:46:11] [main/INFO]: SpongePowered MIXIN Subsystem Version=0.8.7 Source=union:/C:/Users/User/AppData/Roaming/.minecraft/libraries/net/fabricmc/sponge-mixin/0.15.2+mixin.0.8.7/sponge-mixin-0.15.2+mixin.0.8.7.jar%23121!/ Service=ModLauncher Env=CLIENT
[11:46:11] [pool-2-thread-1/INFO]: GL info: NVIDIA GeForce RTX 5060 Laptop GPU/PCIe/SSE2 GL version 4.6.0 NVIDIA 610.47, NVIDIA Corporation
[11:46:11] [main/INFO]: Found mod file "client-1.21.1-20240808.144430-srg.jar" [locator: production client provider +net.neoforged:neoforge:21.1.250:client]
[11:46:11] [main/INFO]: Found mod file "neoforge-21.1.250-universal.jar" [locator: PathBasedLocator[name=neoforge, paths=[C:\Users\User\AppData\Roaming\.minecraft\libraries\net\neoforged\neoforge\21.1.250\neoforge-21.1.250-universal.jar]], reader: mod manifest]
[11:46:11] [main/INFO]: Found mod file "net.caffeinemc.sodium-neoforge-0.8.13+mc1.21.1-mod.jar" [locator: net.caffeinemc.mods.sodium.service.SodiumServiceModLocator@3f4f9acd, reader: mod manifest]
[11:46:11] [main/INFO]: Found mod file "fabric-rendering-data-attachment-v1-0.3.48+73761d2e19.jar" [locator: net.caffeinemc.mods.sodium.service.SodiumServiceModLocator@3f4f9acd, reader: mod manifest]
[11:46:11] [main/INFO]: Found mod file "fabric-renderer-api-v1-3.4.1+9125b6dc19.jar" [locator: net.caffeinemc.mods.sodium.service.SodiumServiceModLocator@3f4f9acd, reader: mod manifest]
[11:46:11] [main/INFO]: Found mod file "fabric-block-view-api-v2-1.0.10+9afaaf8c19.jar" [locator: net.caffeinemc.mods.sodium.service.SodiumServiceModLocator@3f4f9acd, reader: mod manifest]
[11:46:11] [main/INFO]: Found mod file "fabric-api-base-0.4.42+d1308ded19.jar" [locator: net.caffeinemc.mods.sodium.service.SodiumServiceModLocator@3f4f9acd, reader: mod manifest]
[11:46:11] [main/INFO]: Found mod file "%5B1.21.1%5D%20SecurityCraft%20v1.10.2.1.jar" [locator: {mods folder locator at C:\Users\User\AppData\Roaming\.minecraft\versions\Industrial minecraft\mods}, reader: mod manifest]
[11:46:11] [main/INFO]: Found mod file "aeroworks-1.5.0.jar" [locator: {mods folder locator at C:\Users\User\AppData\Roaming\.minecraft\versions\Industrial minecraft\mods}, reader: mod manifest]
[11:46:11] [main/INFO]: Found mod file "alexscaves-2.0.10.jar" [locator: {mods folder locator at C:\Users\User\AppData\Roaming\.minecraft\versions\Industrial minecraft\mods}, reader: mod manifest]
[11:46:11] [main/INFO]: Found mod file "appleskin-neoforge-mc1.21-3.0.9.jar" [locator: {mods folder locator at C:\Users\User\AppData\Roaming\.minecraft\versions\Industrial minecraft\mods}, reader: mod manifest]
[11:46:11] [main/INFO]: Found mod file "Aquaculture-1.21.1-2.7.21.jar" [locator: {mods folder locator at C:\Users\User\AppData\Roaming\.minecraft\versions\Industrial minecraft\mods}, reader: mod manifest]
[11:46:11] [main/INFO]: Found mod file "aquaculturedelight-1.2.0-neoforge-1.21.1.jar" [locator: {mods folder locator at C:\Users\User\AppData\Roaming\.minecraft\versions\Industrial minecraft\mods}, reader: mod manifest]
[11:46:11] [main/INFO]: Found mod file "architectury-13.0.11-neoforge.jar" [locator: {mods folder locator at C:\Users\User\AppData\Roaming\.minecraft\versions\Industrial minecraft\mods}, reader: mod manifest]
[11:46:11] [main/INFO]: Found mod file "azimuth-1.4.8.jar" [locator: {mods folder locator at C:\Users\User\AppData\Roaming\.minecraft\versions\Industrial minecraft\mods}, reader: mod manifest]
[11:46:11] [main/INFO]: Found mod file "better_modlist-21.1.1.jar" [locator: {mods folder locator at C:\Users\User\AppData\Roaming\.minecraft\versions\Industrial minecraft\mods}, reader: mod manifest]
[11:46:11] [main/INFO]: Found mod file "cc-tweaked-1.21.1-forge-1.120.2.jar" [locator: {mods folder locator at C:\Users\User\AppData\Roaming\.minecraft\versions\Industrial minecraft\mods}, reader: mod manifest]
[11:46:11] [main/INFO]: Found mod file "citadel-1.21.1-2.7.6.jar" [locator: {mods folder locator at C:\Users\User\AppData\Roaming\.minecraft\versions\Industrial minecraft\mods}, reader: mod manifest]
[11:46:11] [main/INFO]: Found mod file "cloth-config-15.0.140-neoforge.jar" [locator: {mods folder locator at C:\Users\User\AppData\Roaming\.minecraft\versions\Industrial minecraft\mods}, reader: mod manifest]
[11:46:11] [main/INFO]: Found mod file "ColdSweat-2.4.2.jar" [locator: {mods folder locator at C:\Users\User\AppData\Roaming\.minecraft\versions\Industrial minecraft\mods}, reader: mod manifest]
[11:46:11] [main/INFO]: Found mod file "computercraft_cee_addon-1.0.0.jar" [locator: {mods folder locator at C:\Users\User\AppData\Roaming\.minecraft\versions\Industrial minecraft\mods}, reader: mod manifest]
[11:46:11] [main/INFO]: Found mod file "copycats-3.0.8%2Bmc.1.21.1-neoforge.jar" [locator: {mods folder locator at C:\Users\User\AppData\Roaming\.minecraft\versions\Industrial minecraft\mods}, reader: mod manifest]
[11:46:11] [main/INFO]: Found mod file "cosmonautics-26.08.307.jar" [locator: {mods folder locator at C:\Users\User\AppData\Roaming\.minecraft\versions\Industrial minecraft\mods}, reader: mod manifest]
[11:46:11] [main/INFO]: Found mod file "cratedelight-26.07.01-1.21-neoforge.jar" [locator: {mods folder locator at C:\Users\User\AppData\Roaming\.minecraft\versions\Industrial minecraft\mods}, reader: mod manifest]
[11:46:11] [main/INFO]: Found mod file "create-1.21.1-6.0.10.jar" [locator: {mods folder locator at C:\Users\User\AppData\Roaming\.minecraft\versions\Industrial minecraft\mods}, reader: mod manifest]
[11:46:11] [main/INFO]: Found mod file "create-aeronautics-bundled-1.21.1-1.3.1.jar" [locator: {mods folder locator at C:\Users\User\AppData\Roaming\.minecraft\versions\Industrial minecraft\mods}, reader: mod manifest]
[11:46:11] [main/INFO]: Found mod file "create_aero_radar-0.1.1-1.21.1.jar" [locator: {mods folder locator at C:\Users\User\AppData\Roaming\.minecraft\versions\Industrial minecraft\mods}, reader: mod manifest]
[11:46:11] [main/INFO]: Found mod file "create_hypertube-0.6.0-NEOFORGE.jar" [locator: {mods folder locator at C:\Users\User\AppData\Roaming\.minecraft\versions\Industrial minecraft\mods}, reader: mod manifest]
[11:46:11] [main/INFO]: Found mod file "create_radar-0.4.9.4-1.21.1.jar" [locator: {mods folder locator at C:\Users\User\AppData\Roaming\.minecraft\versions\Industrial minecraft\mods}, reader: mod manifest]
[11:46:11] [main/INFO]: Found mod file "create_security-1.21.1-2.01-release.jar" [locator: {mods folder locator at C:\Users\User\AppData\Roaming\.minecraft\versions\Industrial minecraft\mods}, reader: mod manifest]
[11:46:11] [main/INFO]: Found mod file "create_train_parts-0.5.2-1.21.1-6.0.10-281.jar" [locator: {mods folder locator at C:\Users\User\AppData\Roaming\.minecraft\versions\Industrial minecraft\mods}, reader: mod manifest]
[11:46:11] [main/INFO]: Found mod file "create_ultimate_factory-2.2.4-neoforge-1.21.1.jar" [locator: {mods folder locator at C:\Users\User\AppData\Roaming\.minecraft\versions\Industrial minecraft\mods}, reader: mod manifest]
[11:46:11] [main/INFO]: Found mod file "createbigcannons-5.11.7%2Bmc.1.21.1.jar" [locator: {mods folder locator at C:\Users\User\AppData\Roaming\.minecraft\versions\Industrial minecraft\mods}, reader: mod manifest]
[11:46:11] [main/INFO]: Found mod file "CreateCyberGoggles-1.21.1-8.6.0-NeoForge.jar" [locator: {mods folder locator at C:\Users\User\AppData\Roaming\.minecraft\versions\Industrial minecraft\mods}, reader: mod manifest]
[11:46:11] [main/INFO]: Found mod file "createdeco-2.1.3.jar" [locator: {mods folder locator at C:\Users\User\AppData\Roaming\.minecraft\versions\Industrial minecraft\mods}, reader: mod manifest]
[11:46:11] [main/INFO]: Found mod file "createdieselgenerators-1.21.1-1.3.15.jar" [locator: {mods folder locator at C:\Users\User\AppData\Roaming\.minecraft\versions\Industrial minecraft\mods}, reader: mod manifest]
[11:46:11] [main/INFO]: Found mod file "createfood-neoforge-1.21.1-2.7.1.jar" [locator: {mods folder locator at C:\Users\User\AppData\Roaming\.minecraft\versions\Industrial minecraft\mods}, reader: mod manifest]
[11:46:11] [main/INFO]: Found mod file "createinteroperable-0.1.2.jar" [locator: {mods folder locator at C:\Users\User\AppData\Roaming\.minecraft\versions\Industrial minecraft\mods}, reader: mod manifest]
[11:46:11] [main/INFO]: Found mod file "createnuclear-1.3.2-beta.3-neoforge.jar" [locator: {mods folder locator at C:\Users\User\AppData\Roaming\.minecraft\versions\Industrial minecraft\mods}, reader: mod manifest]
[11:46:11] [main/INFO]: Found mod file "createthrusters-bundled-V1.1.3.jar" [locator: {mods folder locator at C:\Users\User\AppData\Roaming\.minecraft\versions\Industrial minecraft\mods}, reader: mod manifest]
[11:46:11] [main/INFO]: Found mod file "croptopia-neoforge-1.21.1-4.2.4.jar" [locator: {mods folder locator at C:\Users\User\AppData\Roaming\.minecraft\versions\Industrial minecraft\mods}, reader: mod manifest]
[11:46:11] [main/INFO]: Found mod file "croptopiadelight-1.0.1.jar" [locator: {mods folder locator at C:\Users\User\AppData\Roaming\.minecraft\versions\Industrial minecraft\mods}, reader: mod manifest]
[11:46:11] [main/INFO]: Found mod file "culturaldelights-0.17.8.jar" [locator: {mods folder locator at C:\Users\User\AppData\Roaming\.minecraft\versions\Industrial minecraft\mods}, reader: mod manifest]
[11:46:11] [main/INFO]: Found mod file "displaydelight-1.7.0.jar" [locator: {mods folder locator at C:\Users\User\AppData\Roaming\.minecraft\versions\Industrial minecraft\mods}, reader: mod manifest]
[11:46:11] [main/INFO]: Found mod file "DistantHorizons-3.2.0-b-1.21.1-fabric-neoforge.jar" [locator: {mods folder locator at C:\Users\User\AppData\Roaming\.minecraft\versions\Industrial minecraft\mods}, reader: mod manifest]
[11:46:11] [main/INFO]: Found mod file "DnDesires-1.21.1-2.3a-BETA.jar" [locator: {mods folder locator at C:\Users\User\AppData\Roaming\.minecraft\versions\Industrial minecraft\mods}, reader: mod manifest]
[11:46:11] [main/INFO]: Found mod file "dragonlib-neoforge-1.21.1-beta-3.0.28.jar" [locator: {mods folder locator at C:\Users\User\AppData\Roaming\.minecraft\versions\Industrial minecraft\mods}, reader: mod manifest]
[11:46:11] [main/INFO]: Found mod file "effortlessbuilding-4.2+1.21.1.jar" [locator: {mods folder locator at C:\Users\User\AppData\Roaming\.minecraft\versions\Industrial minecraft\mods}, reader: mod manifest]
[11:46:11] [main/INFO]: Found mod file "electroenergetics-1.21.1-1.1.1.jar" [locator: {mods folder locator at C:\Users\User\AppData\Roaming\.minecraft\versions\Industrial minecraft\mods}, reader: mod manifest]
[11:46:11] [main/INFO]: Found mod file "ends_delight-2.6.1%2Bneoforge.1.21.1.jar" [locator: {mods folder locator at C:\Users\User\AppData\Roaming\.minecraft\versions\Industrial minecraft\mods}, reader: mod manifest]
[11:46:11] [main/INFO]: Found mod file "entityculling-neoforge-1.10.5-mc1.21.1.jar" [locator: {mods folder locator at C:\Users\User\AppData\Roaming\.minecraft\versions\Industrial minecraft\mods}, reader: mod manifest]
[11:46:11] [main/INFO]: Found mod file "EpheroLib-1.21.1-NEO-FORGE-1.2.0.jar" [locator: {mods folder locator at C:\Users\User\AppData\Roaming\.minecraft\versions\Industrial minecraft\mods}, reader: mod manifest]
[11:46:11] [main/INFO]: Found mod file "extra_copycats-1.0.2.jar" [locator: {mods folder locator at C:\Users\User\AppData\Roaming\.minecraft\versions\Industrial minecraft\mods}, reader: mod manifest]
[11:46:11] [main/INFO]: Found mod file "farmers_croptopia-1.21.1-3.2.4.jar" [locator: {mods folder locator at C:\Users\User\AppData\Roaming\.minecraft\versions\Industrial minecraft\mods}, reader: mod manifest]
[11:46:11] [main/INFO]: Found mod file "FarmersDelight-1.21.1-1.3.4.jar" [locator: {mods folder locator at C:\Users\User\AppData\Roaming\.minecraft\versions\Industrial minecraft\mods}, reader: mod manifest]
[11:46:11] [main/INFO]: Found mod file "FastFoodDelightUnofficial-neoforge-1.21.1-1.0.6.jar" [locator: {mods folder locator at C:\Users\User\AppData\Roaming\.minecraft\versions\Industrial minecraft\mods}, reader: mod manifest]
[11:46:11] [main/INFO]: Found mod file "ferritecore-7.0.3-neoforge.jar" [locator: {mods folder locator at C:\Users\User\AppData\Roaming\.minecraft\versions\Industrial minecraft\mods}, reader: mod manifest]
[11:46:11] [main/INFO]: Found mod file "FramedBlocks-10.6.2.jar" [locator: {mods folder locator at C:\Users\User\AppData\Roaming\.minecraft\versions\Industrial minecraft\mods}, reader: mod manifest]
[11:46:11] [main/INFO]: Found mod file "framework-neoforge-1.21.1-0.13.11.jar" [locator: {mods folder locator at C:\Users\User\AppData\Roaming\.minecraft\versions\Industrial minecraft\mods}, reader: mod manifest]
[11:46:11] [main/INFO]: Found mod file "fruitsdelight-1.2.14.jar" [locator: {mods folder locator at C:\Users\User\AppData\Roaming\.minecraft\versions\Industrial minecraft\mods}, reader: mod manifest]
[11:46:11] [main/INFO]: Found mod file "geckolib-neoforge-1.21.1-4.9.2.jar" [locator: {mods folder locator at C:\Users\User\AppData\Roaming\.minecraft\versions\Industrial minecraft\mods}, reader: mod manifest]
[11:46:11] [main/INFO]: Found mod file "GlitchCore-neoforge-1.21.1-2.1.0.2.jar" [locator: {mods folder locator at C:\Users\User\AppData\Roaming\.minecraft\versions\Industrial minecraft\mods}, reader: mod manifest]
[11:46:11] [main/INFO]: Found mod file "ImmediatelyFast-NeoForge-1.6.13%2B1.21.1.jar" [locator: {mods folder locator at C:\Users\User\AppData\Roaming\.minecraft\versions\Industrial minecraft\mods}, reader: mod manifest]
[11:46:11] [main/INFO]: Found mod file "ImmersiveEngineering-1.21.1-12.4.2-194.jar" [locator: {mods folder locator at C:\Users\User\AppData\Roaming\.minecraft\versions\Industrial minecraft\mods}, reader: mod manifest]
[11:46:11] [main/INFO]: Found mod file "interiors-1.21.1-neoforge-0.6.1.jar" [locator: {mods folder locator at C:\Users\User\AppData\Roaming\.minecraft\versions\Industrial minecraft\mods}, reader: mod manifest]
[11:46:11] [main/INFO]: Found mod file "iris-neoforge-1.8.14-beta.1%2Bmc1.21.1.jar" [locator: {mods folder locator at C:\Users\User\AppData\Roaming\.minecraft\versions\Industrial minecraft\mods}, reader: mod manifest]
[11:46:11] [main/INFO]: Found library file "kotlinforforge-5.12.0-all.jar" [locator: {mods folder locator at C:\Users\User\AppData\Roaming\.minecraft\versions\Industrial minecraft\mods}, reader: mod manifest]
[11:46:11] [main/INFO]: Found mod file "linearbearing-1.2.6.jar" [locator: {mods folder locator at C:\Users\User\AppData\Roaming\.minecraft\versions\Industrial minecraft\mods}, reader: mod manifest]
[11:46:11] [main/INFO]: Found mod file "lithium-neoforge-0.15.4%2Bmc1.21.1.jar" [locator: {mods folder locator at C:\Users\User\AppData\Roaming\.minecraft\versions\Industrial minecraft\mods}, reader: mod manifest]
[11:46:11] [main/INFO]: Found mod file "lithostitched-1.8.0+beta6-neoforge-21.1.jar" [locator: {mods folder locator at C:\Users\User\AppData\Roaming\.minecraft\versions\Industrial minecraft\mods}, reader: mod manifest]
[11:46:11] [main/INFO]: Found mod file "mcw-bridges-3.1.2-mc1.21.1neoforge.jar" [locator: {mods folder locator at C:\Users\User\AppData\Roaming\.minecraft\versions\Industrial minecraft\mods}, reader: mod manifest]
[11:46:11] [main/INFO]: Found mod file "mcw-doors-1.1.5-mc1.21.1neoforge.jar" [locator: {mods folder locator at C:\Users\User\AppData\Roaming\.minecraft\versions\Industrial minecraft\mods}, reader: mod manifest]
[11:46:11] [main/INFO]: Found mod file "mcw-furniture-3.4.1-mc1.21.1neoforge.jar" [locator: {mods folder locator at C:\Users\User\AppData\Roaming\.minecraft\versions\Industrial minecraft\mods}, reader: mod manifest]
[11:46:12] [main/INFO]: Found mod file "mcw-lights-1.1.5-mc1.21.1neoforge.jar" [locator: {mods folder locator at C:\Users\User\AppData\Roaming\.minecraft\versions\Industrial minecraft\mods}, reader: mod manifest]
[11:46:12] [main/INFO]: Found mod file "mcw-mcwfences-1.2.1-mc1.21.1neoforge.jar" [locator: {mods folder locator at C:\Users\User\AppData\Roaming\.minecraft\versions\Industrial minecraft\mods}, reader: mod manifest]
[11:46:12] [main/INFO]: Found mod file "mcw-mcwpaths-1.1.1-mc1.21.1neoforge.jar" [locator: {mods folder locator at C:\Users\User\AppData\Roaming\.minecraft\versions\Industrial minecraft\mods}, reader: mod manifest]
[11:46:12] [main/INFO]: Found mod file "mcw-mcwstairs-1.0.2-mc1.21.1neoforge.jar" [locator: {mods folder locator at C:\Users\User\AppData\Roaming\.minecraft\versions\Industrial minecraft\mods}, reader: mod manifest]
[11:46:12] [main/INFO]: Found mod file "mcw-mcwwindows-2.4.2-mc1.21.1neoforge.jar" [locator: {mods folder locator at C:\Users\User\AppData\Roaming\.minecraft\versions\Industrial minecraft\mods}, reader: mod manifest]
[11:46:12] [main/INFO]: Found mod file "mcw-paintings-1.1.0-mc1.21.1neoforge.jar" [locator: {mods folder locator at C:\Users\User\AppData\Roaming\.minecraft\versions\Industrial minecraft\mods}, reader: mod manifest]
[11:46:12] [main/INFO]: Found mod file "mcw-roofs-2.3.2-mc1.21.1neoforge.jar" [locator: {mods folder locator at C:\Users\User\AppData\Roaming\.minecraft\versions\Industrial minecraft\mods}, reader: mod manifest]
[11:46:12] [main/INFO]: Found mod file "mcw-trapdoors-1.1.5-mc1.21.1neoforge.jar" [locator: {mods folder locator at C:\Users\User\AppData\Roaming\.minecraft\versions\Industrial minecraft\mods}, reader: mod manifest]
[11:46:12] [main/INFO]: Found mod file "Mekanism-1.21.1-10.7.19.85.jar" [locator: {mods folder locator at C:\Users\User\AppData\Roaming\.minecraft\versions\Industrial minecraft\mods}, reader: mod manifest]
[11:46:12] [main/INFO]: Found mod file "mekanism_unleashed-0.3.2.jar" [locator: {mods folder locator at C:\Users\User\AppData\Roaming\.minecraft\versions\Industrial minecraft\mods}, reader: mod manifest]
[11:46:12] [main/INFO]: Found mod file "MekanismAdditions-1.21.1-10.7.19.85.jar" [locator: {mods folder locator at C:\Users\User\AppData\Roaming\.minecraft\versions\Industrial minecraft\mods}, reader: mod manifest]
[11:46:12] [main/INFO]: Found mod file "MekanismGenerators-1.21.1-10.7.19.85.jar" [locator: {mods folder locator at C:\Users\User\AppData\Roaming\.minecraft\versions\Industrial minecraft\mods}, reader: mod manifest]
[11:46:12] [main/INFO]: Found mod file "MekanismTools-1.21.1-10.7.19.85.jar" [locator: {mods folder locator at C:\Users\User\AppData\Roaming\.minecraft\versions\Industrial minecraft\mods}, reader: mod manifest]
[11:46:12] [main/INFO]: Found mod file "midgard-1.1-1.21.1.jar" [locator: {mods folder locator at C:\Users\User\AppData\Roaming\.minecraft\versions\Industrial minecraft\mods}, reader: mod manifest]
[11:46:12] [main/INFO]: Found mod file "moderntrainparts-0.2.5-neoforge-mc1.21.1-cr6.0.10.jar" [locator: {mods folder locator at C:\Users\User\AppData\Roaming\.minecraft\versions\Industrial minecraft\mods}, reader: mod manifest]
[11:46:12] [main/INFO]: Found mod file "morepropulsion-1.4.0.jar" [locator: {mods folder locator at C:\Users\User\AppData\Roaming\.minecraft\versions\Industrial minecraft\mods}, reader: mod manifest]
[11:46:12] [main/INFO]: Found mod file "NaturesCompass-1.21.1-3.4.0-neoforge.jar" [locator: {mods folder locator at C:\Users\User\AppData\Roaming\.minecraft\versions\Industrial minecraft\mods}, reader: mod manifest]
[11:46:12] [main/INFO]: Found mod file "noisium-neoforge-2.3.0+mc1.21-1.21.1.jar" [locator: {mods folder locator at C:\Users\User\AppData\Roaming\.minecraft\versions\Industrial minecraft\mods}, reader: mod manifest]
[11:46:12] [main/INFO]: Found mod file "oceansdelight-neoforge-1.0.4-1.21.1.jar" [locator: {mods folder locator at C:\Users\User\AppData\Roaming\.minecraft\versions\Industrial minecraft\mods}, reader: mod manifest]
[11:46:12] [main/INFO]: Found mod file "Oh-The-Trees-Youll-Grow-neoforge-1.21.1-5.2.0.jar" [locator: {mods folder locator at C:\Users\User\AppData\Roaming\.minecraft\versions\Industrial minecraft\mods}, reader: mod manifest]
[11:46:12] [main/INFO]: Found mod file "pantographsandwires-neoforge-1.21.1-beta-0.2.3-C6.jar" [locator: {mods folder locator at C:\Users\User\AppData\Roaming\.minecraft\versions\Industrial minecraft\mods}, reader: mod manifest]
[11:46:12] [main/INFO]: Found mod file "powergrid-mc1.21.1-0.6.1.jar" [locator: {mods folder locator at C:\Users\User\AppData\Roaming\.minecraft\versions\Industrial minecraft\mods}, reader: mod manifest]
[11:46:12] [main/INFO]: Found mod file "powerplantgrid-0.1.1.jar" [locator: {mods folder locator at C:\Users\User\AppData\Roaming\.minecraft\versions\Industrial minecraft\mods}, reader: mod manifest]
[11:46:12] [main/INFO]: Found mod file "RamadanDelight-1.21.1-1.7.jar" [locator: {mods folder locator at C:\Users\User\AppData\Roaming\.minecraft\versions\Industrial minecraft\mods}, reader: mod manifest]
[11:46:12] [main/INFO]: Found mod file "refurbished_furniture-neoforge-1.21.1-1.0.22.jar" [locator: {mods folder locator at C:\Users\User\AppData\Roaming\.minecraft\versions\Industrial minecraft\mods}, reader: mod manifest]
[11:46:12] [main/INFO]: Found mod file "rice_delight-2.0.0.jar" [locator: {mods folder locator at C:\Users\User\AppData\Roaming\.minecraft\versions\Industrial minecraft\mods}, reader: mod manifest]
[11:46:12] [main/INFO]: Found mod file "ritchiesprojectilelib-2.1.2-mc.1.21.1-neoforge.jar" [locator: {mods folder locator at C:\Users\User\AppData\Roaming\.minecraft\versions\Industrial minecraft\mods}, reader: mod manifest]
[11:46:12] [main/INFO]: Found mod file "rusticdelight-neoforge-1.21-1.7.1.jar" [locator: {mods folder locator at C:\Users\User\AppData\Roaming\.minecraft\versions\Industrial minecraft\mods}, reader: mod manifest]
[11:46:12] [main/INFO]: Found mod file "sable-neoforge-1.21.1-2.0.5.jar" [locator: {mods folder locator at C:\Users\User\AppData\Roaming\.minecraft\versions\Industrial minecraft\mods}, reader: mod manifest]
[11:46:12] [main/INFO]: Found mod file "SereneSeasons-neoforge-1.21.1-10.1.0.9.jar" [locator: {mods folder locator at C:\Users\User\AppData\Roaming\.minecraft\versions\Industrial minecraft\mods}, reader: mod manifest]
[11:46:12] [main/INFO]: Found mod file "sodium-extra-neoforge-0.9.3%2Bmc1.21.1.jar" [locator: {mods folder locator at C:\Users\User\AppData\Roaming\.minecraft\versions\Industrial minecraft\mods}, reader: mod manifest]
[11:46:12] [main/INFO]: Found mod file "sophisticatedbackpacks-1.21.1-3.26.3.2158.jar" [locator: {mods folder locator at C:\Users\User\AppData\Roaming\.minecraft\versions\Industrial minecraft\mods}, reader: mod manifest]
[11:46:12] [main/INFO]: Found mod file "sophisticatedcore-1.21.1-1.5.1.2341.jar" [locator: {mods folder locator at C:\Users\User\AppData\Roaming\.minecraft\versions\Industrial minecraft\mods}, reader: mod manifest]
[11:46:12] [main/INFO]: Found mod file "storagedelight-26.07.01a-1.21-neoforge.jar" [locator: {mods folder locator at C:\Users\User\AppData\Roaming\.minecraft\versions\Industrial minecraft\mods}, reader: mod manifest]
[11:46:12] [main/INFO]: Found gamelibrary file "struts-1.3.1.jar" [locator: {mods folder locator at C:\Users\User\AppData\Roaming\.minecraft\versions\Industrial minecraft\mods}, reader: mod manifest]
[11:46:12] [main/INFO]: Found mod file "Survive-1.21.1-10.2.0-NeoForge.jar" [locator: {mods folder locator at C:\Users\User\AppData\Roaming\.minecraft\versions\Industrial minecraft\mods}, reader: mod manifest]
[11:46:12] [main/INFO]: Found mod file "tectonic-3.0.28-neoforge-21.1.jar" [locator: {mods folder locator at C:\Users\User\AppData\Roaming\.minecraft\versions\Industrial minecraft\mods}, reader: mod manifest]
[11:46:12] [main/INFO]: Found mod file "tracks-neoforge-1.21.1-1.0.1.jar" [locator: {mods folder locator at C:\Users\User\AppData\Roaming\.minecraft\versions\Industrial minecraft\mods}, reader: mod manifest]
[11:46:12] [main/INFO]: Found mod file "trainutilities-neoforge-3.1.0.jar" [locator: {mods folder locator at C:\Users\User\AppData\Roaming\.minecraft\versions\Industrial minecraft\mods}, reader: mod manifest]
[11:46:12] [main/INFO]: Found mod file "treeplacer-neoforge-1.21.1-2.2.0.jar" [locator: {mods folder locator at C:\Users\User\AppData\Roaming\.minecraft\versions\Industrial minecraft\mods}, reader: mod manifest]
[11:46:12] [main/INFO]: Found mod file "UnionLib-1.21.1-13.3-NeoForge.jar" [locator: {mods folder locator at C:\Users\User\AppData\Roaming\.minecraft\versions\Industrial minecraft\mods}, reader: mod manifest]
[11:46:12] [main/INFO]: Found mod file "VeggiesDelight-1.21.1-1.9.3.jar" [locator: {mods folder locator at C:\Users\User\AppData\Roaming\.minecraft\versions\Industrial minecraft\mods}, reader: mod manifest]
[11:46:12] [main/INFO]: Found mod file "xaerominimap-neoforge-1.21.1-26.5.0.jar" [locator: {mods folder locator at C:\Users\User\AppData\Roaming\.minecraft\versions\Industrial minecraft\mods}, reader: mod manifest]
[11:46:12] [main/INFO]: Found mod file "xaeroworldmap-neoforge-1.21.1-1.46.0.jar" [locator: {mods folder locator at C:\Users\User\AppData\Roaming\.minecraft\versions\Industrial minecraft\mods}, reader: mod manifest]
[11:46:13] [main/WARN]: Attempted to select a dependency jar for JarJar which was passed in as source: fabric_renderer_api_v1. Using Mod File: 
[11:46:13] [main/WARN]: Attempted to select a dependency jar for JarJar which was passed in as source: geckolib. Using Mod File: C:\Users\User\AppData\Roaming\.minecraft\versions\Industrial minecraft\mods\geckolib-neoforge-1.21.1-4.9.2.jar
[11:46:13] [main/WARN]: Attempted to select a dependency jar for JarJar which was passed in as source: fabric_block_view_api_v2. Using Mod File: 
[11:46:13] [main/WARN]: Attempted to select a dependency jar for JarJar which was passed in as source: dragonlib. Using Mod File: C:\Users\User\AppData\Roaming\.minecraft\versions\Industrial minecraft\mods\dragonlib-neoforge-1.21.1-beta-3.0.28.jar
[11:46:13] [main/WARN]: Attempted to select a dependency jar for JarJar which was passed in as source: fabric_api_base. Using Mod File: 
[11:46:13] [main/WARN]: Attempted to select a dependency jar for JarJar which was passed in as source: architectury. Using Mod File: C:\Users\User\AppData\Roaming\.minecraft\versions\Industrial minecraft\mods\architectury-13.0.11-neoforge.jar
[11:46:13] [main/WARN]: Attempted to select a dependency jar for JarJar which was passed in as source: fabric_rendering_data_attachment_v1. Using Mod File: 
[11:46:13] [main/INFO]: Found 48 dependencies adding them to mods collection
[11:46:13] [main/INFO]: Found library file "BlockModelSplitter-2.0.1.jar" [parent: ImmersiveEngineering-1.21.1-12.4.2-194.jar, locator: jarinjar, reader: mod manifest]
[11:46:13] [main/INFO]: Found library file "glsl-processor-0.2.3.jar" [parent: veil-neoforge-1.21.1-4.3.2.jar, locator: jarinjar]
[11:46:13] [main/INFO]: Found mod file "ponder-neoforge-1.0.82+mc1.21.1.jar" [parent: create-1.21.1-6.0.10.jar, locator: jarinjar, reader: mod manifest]
[11:46:13] [main/INFO]: Found library file "json5-java-3.0.0.jar" [parent: apollib-1.2.0-neoforge-21.1.jar, locator: jarinjar]
[11:46:13] [main/INFO]: Found library file "net.neoforged.neoforge-coremods-21.1.250.jar" [parent: neoforge-21.1.250-universal.jar, locator: jarinjar, reader: mod manifest]
[11:46:13] [main/INFO]: Found library file "greenlight-api-0.1.0+mc1.21.10.jar" [parent: sodium-extra-neoforge-0.9.3%2Bmc1.21.1.jar, locator: jarinjar]
[11:46:13] [main/INFO]: Found mod file "dev.eriksonn.aeronautics.aeronautics-neoforge-1.21.1-1.3.1.jar" [parent: create-aeronautics-bundled-1.21.1-1.3.1.jar, locator: jarinjar, reader: mod manifest]
[11:46:13] [main/INFO]: Found mod file "xaerolib-neoforge-1.21.1-1.7.3.jar" [parent: xaerominimap-neoforge-1.21.1-26.5.0.jar, locator: jarinjar, reader: mod manifest]
[11:46:13] [main/INFO]: Found mod file "TextPlaceholderAPI-neoforge-e1a427d5b9.jar" [parent: better_modlist-21.1.1.jar, locator: jarinjar, reader: mod manifest]
[11:46:13] [main/INFO]: Found library file "cobalt-0.9.9.jar" [parent: cc-tweaked-1.21.1-forge-1.120.2.jar, locator: jarinjar]
[11:46:13] [main/INFO]: Found mod file "apollib-1.2.0-neoforge-21.1.jar" [parent: lithostitched-1.8.0+beta6-neoforge-21.1.jar, locator: jarinjar, reader: mod manifest]
[11:46:13] [main/INFO]: Found mod file "TRender-1.0.15-1.21.1-neoforge-SNAPSHOT.jar" [parent: entityculling-neoforge-1.10.5-mc1.21.1.jar, locator: jarinjar, reader: mod manifest]
[11:46:13] [main/INFO]: Found library file "kotlinx-coroutines-core-jvm-1.11.0.jar" [parent: kotlinforforge-5.12.0-all.jar, locator: jarinjar]
[11:46:13] [main/INFO]: Found library file "mclib-20.jar" [parent: pantographsandwires-neoforge-1.21.1-beta-0.2.3-C6.jar, locator: jarinjar]
[11:46:13] [main/INFO]: Found mod file "veil-neoforge-1.21.1-4.3.2.jar" [parent: sable-neoforge-1.21.1-2.0.5.jar, locator: jarinjar, reader: mod manifest]
[11:46:13] [main/INFO]: Found mod file "dev.simulated_team.simulated.simulated-neoforge-1.21.1-1.3.1.jar" [parent: create-aeronautics-bundled-1.21.1-1.3.1.jar, locator: jarinjar, reader: mod manifest]
[11:46:13] [main/INFO]: Found library file "kotlinx-coroutines-jdk8-1.11.0.jar" [parent: kotlinforforge-5.12.0-all.jar, locator: jarinjar]
[11:46:13] [main/INFO]: Found library file "kotlin-stdlib-jdk7-2.4.0.jar" [parent: kotlinforforge-5.12.0-all.jar, locator: jarinjar]
[11:46:13] [main/INFO]: Found library file "kotlin-stdlib-jdk8-2.4.0.jar" [parent: kotlinforforge-5.12.0-all.jar, locator: jarinjar]
[11:46:13] [main/INFO]: Found library file "molang-compiler-3.1.1.19.jar" [parent: veil-neoforge-1.21.1-4.3.2.jar, locator: jarinjar]
[11:46:13] [main/INFO]: Found gamelibrary file "DualCodecs-0.1.2.jar" [parent: ImmersiveEngineering-1.21.1-12.4.2-194.jar, locator: jarinjar, reader: mod manifest]
[11:46:13] [main/INFO]: Found library file "Reflect-1.6.2.jar" [parent: ImmediatelyFast-NeoForge-1.6.13%2B1.21.1.jar, locator: jarinjar]
[11:46:13] [main/INFO]: Found library file "kotlinx-serialization-json-jvm-1.11.0.jar" [parent: kotlinforforge-5.12.0-all.jar, locator: jarinjar]
[11:46:13] [main/INFO]: Found gamelibrary file "l2modularblocks-3.0.0.jar" [parent: fruitsdelight-1.2.14.jar, locator: jarinjar, reader: mod manifest]
[11:46:13] [main/INFO]: Found mod file "dev.ryanhcode.offroad.offroad-neoforge-1.21.1-1.3.1.jar" [parent: create-aeronautics-bundled-1.21.1-1.3.1.jar, locator: jarinjar, reader: mod manifest]
[11:46:13] [main/INFO]: Found library file "ejml-simple-0.44.0.jar" [parent: powergrid-mc1.21.1-0.6.1.jar, locator: jarinjar]
[11:46:13] [main/INFO]: Found gamelibrary file "l2serial-3.0.9+5.jar" [parent: fruitsdelight-1.2.14.jar, locator: jarinjar, reader: mod manifest]
[11:46:13] [main/INFO]: Found gamelibrary file "mixinextras-neoforge-0.5.3.jar" [parent: neoforge-21.1.250-universal.jar, locator: jarinjar, reader: mod manifest]
[11:46:13] [main/INFO]: Found library file "jzlib-1.1.3.jar" [parent: cc-tweaked-1.21.1-forge-1.120.2.jar, locator: jarinjar]
[11:46:13] [main/INFO]: Found library file "ejml-core-0.44.0.jar" [parent: powergrid-mc1.21.1-0.6.1.jar, locator: jarinjar]
[11:46:13] [main/INFO]: Found gamelibrary file "dev.ryanhcode.sable.sable-sable_rapier-1.21.1-2.0.5.jar" [parent: sable-neoforge-1.21.1-2.0.5.jar, locator: jarinjar, reader: mod manifest]
[11:46:13] [main/INFO]: Found mod file "l2harvester-3.0.0.jar" [parent: fruitsdelight-1.2.14.jar, locator: jarinjar, reader: mod manifest]
[11:46:13] [main/INFO]: Found library file "thedarkcolour.kfflang-5.12.0.jar" [parent: kotlinforforge-5.12.0-all.jar, locator: jarinjar, reader: mod manifest]
[11:46:13] [main/INFO]: Found gamelibrary file "thedarkcolour.kfflib-5.12.0.jar" [parent: kotlinforforge-5.12.0-all.jar, locator: jarinjar, reader: mod manifest]
[11:46:13] [main/INFO]: Found mod file "forgeconfigapiport-neoforge-21.1.1.jar" [parent: dragonlib-neoforge-1.21.1-beta-3.0.28.jar, locator: jarinjar, reader: mod manifest]
[11:46:13] [main/INFO]: Found library file "jcpp-1.4.14.jar" [parent: iris-neoforge-1.8.14-beta.1%2Bmc1.21.1.jar, locator: jarinjar]
[11:46:13] [main/INFO]: Found library file "glsl-transformer-3.0.0-pre3.jar" [parent: iris-neoforge-1.8.14-beta.1%2Bmc1.21.1.jar, locator: jarinjar]
[11:46:13] [main/INFO]: Found mod file "thedarkcolour.kffmod-5.12.0.jar" [parent: kotlinforforge-5.12.0-all.jar, locator: jarinjar, reader: mod manifest]
[11:46:13] [main/INFO]: Found library file "kotlin-stdlib-2.4.0.jar" [parent: kotlinforforge-5.12.0-all.jar, locator: jarinjar]
[11:46:13] [main/INFO]: Found library file "kotlin-reflect-2.4.0.jar" [parent: kotlinforforge-5.12.0-all.jar, locator: jarinjar]
[11:46:13] [main/INFO]: Found mod file "sable-companion-common-1.21.1-1.6.0.jar" [parent: powergrid-mc1.21.1-0.6.1.jar, locator: jarinjar, reader: mod manifest]
[11:46:13] [main/INFO]: Found mod file "flywheel-neoforge-1.21.1-1.0.6.jar" [parent: create-1.21.1-6.0.10.jar, locator: jarinjar, reader: mod manifest]
[11:46:13] [main/INFO]: Found mod file "l2core-3.0.8+16.jar" [parent: fruitsdelight-1.2.14.jar, locator: jarinjar, reader: mod manifest]
[11:46:13] [main/INFO]: Found library file "ejml-ddense-0.44.0.jar" [parent: powergrid-mc1.21.1-0.6.1.jar, locator: jarinjar]
[11:46:13] [main/INFO]: Found mod file "TRansition-1.0.21-1.21.1-neoforge-SNAPSHOT.jar" [parent: entityculling-neoforge-1.10.5-mc1.21.1.jar, locator: jarinjar, reader: mod manifest]
[11:46:13] [main/INFO]: Found library file "kotlinx-serialization-core-jvm-1.11.0.jar" [parent: kotlinforforge-5.12.0-all.jar, locator: jarinjar]
[11:46:13] [main/INFO]: Found library file "ejml-dsparse-0.44.0.jar" [parent: powergrid-mc1.21.1-0.6.1.jar, locator: jarinjar]
[11:46:13] [main/INFO]: Found gamelibrary file "Registrate-MC1.21-1.3.0+67.jar" [parent: create-1.21.1-6.0.10.jar, locator: jarinjar, reader: mod manifest]
[11:46:13] [main/INFO]: 
     Mod List:
		Name Version (Mod Id)

		Alex's Caves 2.0.10 (alexscaves)
		Apollib 1.2.0 (apollib)
		AppleSkin 3.0.9+mc1.21 (appleskin)
		Aquaculture 2 2.7.21 (aquaculture)
		Aquaculture Delight 1.2.0 (aquaculturedelight)
		Architectury 13.0.11 (architectury)
		Azimuth 1.4.8 (azimuth)
		Better ModList 21.1.1 (mod_menu)
		CC: Tweaked 1.120.2 (computercraft)
		Citadel 2.7.6 (citadel)
		Cloth Config v15 API 15.0.140 (cloth_config)
		Cold Sweat 2.4.2 (cold_sweat)
		ComputerCraft CEE Addon 1.0.41 (computercraft_cee_addon)
		Crate Delight 26.07.01-1.21-neoforge (cratedelight)
		Create 6.0.10 (create)
		Create Aero Radar 0.1.1-1.21.1 (create_aero_radar)
		Create Aeronautics 1.3.1 (aeronautics_bundled)
		Create Aeronautics 1.3.1 (aeronautics)
		Create Big Cannons 5.11.7 (createbigcannons)
		Create Deco 2.1.3 (createdeco)
		Create Diesel Generators 1.21.1-1.3.15 (createdieselgenerators)
		Create Electro Energetics 1.21.1-1.1.1 (electroenergetics)
		Create Gadgets & Gizmos 1.1.3 (createthrusters)
		Create Hypertube 0.6.0 (create_hypertube)
		Create Nuclear 1.3.2-beta.3 (createnuclear)
		Create Offroad 1.3.1 (offroad)
		Create Simulated 1.3.1 (simulated)
		Create Tracks 1.0.1 (tracks)
		Create Train Parts 0.5.2 (create_train_parts)
		Create Train Utilities 3.1.0 (trainutilities)
		Create: Aeroworks 1.5.0 (aeroworks)
		Create: Copycats+ 3.0.8+mc.1.21.1-neoforge (copycats)
		Create: Cosmonautics 26.08.307 (rocketnautics)
		Create: Cyber Goggles 8.6.0 (create_cyber_goggles)
		Create: Dreams n' Desires 2.3a-BETA (dndesires)
		Create: Food 2.7.1 (createfood)
		Create: Interiors 0.6.1 (interiors)
		Create: Interoperable 0.1.2 (createinteroperable)
		Create: Pantographs & Wires 1.21.1-beta-0.2.3-C6 (pantographsandwires)
		Create: Power Grid 0.6.1 (powergrid)
		Create: Radars 0.4.9.4-1.21.1 (create_radar)
		Create: Ultimate Factory 2.2.4 (create_ultimate_factory)
		create_security 1.21.1-2.01-release (create_security)
		Croptopia 4.2.4 (croptopia)
		Croptopia Delight 1.0.1 (croptopiadelight)
		Cultural Delights 0.17.8 (culturaldelights)
		Display Delight 1.7.0 (displaydelight)
		Distant Horizons 3.2.0-b (distanthorizons)
		DragonLib 1.21.1-beta-3.0.28 (dragonlib)
		Effortless Building 4.2 (effortlessbuilding)
		End's Delight 2.6.1+neoforge.1.21.1 (ends_delight)
		EntityCulling 1.10.5 (entityculling)
		EpheroLib 1.2.0 (epherolib)
		Extra Copycats 1.0.2 (extra_copycats)
		Farmer's Croptopia 3.2.4 (farmers_croptopia)
		Farmer's Delight 1.3.4 (farmersdelight)
		Fast Food Delight Unofficial 1.21.1-1.0.6 (fastfooddelight)
		Ferrite Core 7.0.3 (ferritecore)
		Flywheel 1.0.6 (flywheel)
		Forge Config API Port 21.1.1 (forgeconfigapiport)
		Forgified Fabric API Base 0.4.42+d1308ded19 (fabric_api_base)
		Forgified Fabric BlockView API (v2) 1.0.10+9afaaf8c19 (fabric_block_view_api_v2)
		Forgified Fabric Renderer API (v1) 3.4.1+9125b6dc19 (fabric_renderer_api_v1)
		Forgified Fabric Rendering Data Attachment (v1) 0.3.48+73761d2e19 (fabric_rendering_data_attachment_v1)
		FramedBlocks 10.6.2 (framedblocks)
		Framework 0.13.11 (framework)
		Fruits Delight 1.2.14 (fruitsdelight)
		GeckoLib 4 4.9.2 (geckolib)
		GlitchCore 2.1.0.2 (glitchcore)
		ImmediatelyFast 1.6.13+1.21.1 (immediatelyfast)
		Immersive Engineering 12.4.2-194 (immersiveengineering)
		Iris 1.8.14-beta.1+mc1.21.1 (iris)
		Kotlin For Forge 5.12.0 (kotlinforforge)
		L2Core 3.0.8+16 (l2core)
		L2Harvester 3.0.0 (l2harvester)
		LinearBearing 1.2.6 (linearbearing)
		Lithium 0.15.4+mc1.21.1 (lithium)
		Lithostitched 1.8.0+beta6 (lithostitched)
		Macaw's Bridges 3.1.2 (mcwbridges)
		Macaw's Doors 1.1.5 (mcwdoors)
		Macaw's Fences and Walls 1.2.1 (mcwfences)
		Macaw's Furniture 3.4.1 (mcwfurnitures)
		Macaw's Lights and Lamps 1.1.5 (mcwlights)
		Macaw's Paintings 1.1.0 (mcwpaintings)
		Macaw's Paths and Pavings 1.1.1 (mcwpaths)
		Macaw's Roofs 2.3.2 (mcwroofs)
		Macaw's Stairs and Balconies 1.0.2 (mcwstairs)
		Macaw's Trapdoors 1.1.5 (mcwtrpdoors)
		Macaw's Windows 2.4.2 (mcwwindows)
		Mekanism 10.7.19 (mekanism)
		Mekanism Unleashed 1.21.1-0.3.2 (mekanism_unleashed)
		Mekanism: Additions 10.7.19 (mekanismadditions)
		Mekanism: Generators 10.7.19 (mekanismgenerators)
		Mekanism: Tools 10.7.19 (mekanismtools)
		MidgardNeoForge 1.1.0 (midgard)
		Minecraft 1.21.1 (minecraft)
		Modern Train Parts 0.2.5 (moderntrainparts)
		More Propulsion 1.8.3 (morepropulsion)
		MrCrayfish's Furniture Mod: Refurbished 1.0.22 (refurbished_furniture)
		Nature's Compass 1.21.1-3.4.0-neoforge (naturescompass)
		NeoForge 21.1.250 (neoforge)
		Noisium 2.3.0+mc1.21-1.21.1 (noisium)
		Ocean's Delight 1.0.4 (oceansdelight)
		Oh The Trees You'll Grow 5.2.0 (ohthetreesyoullgrow)
		Placeholder API Neoforge 2.4.1+1.21 (placeholder_api)
		Ponder 1.0.82+mc1.21.1 (ponder)
		Powerplantgrid 0.1.1 (powerplantgrid)
		Ramadan Delight 1.7 (ramadandelight)
		Rice Delight 2.0.0 (rice_delight)
		Ritchie's Projectile Library 2.1.2 (ritchiesprojectilelib)
		Rustic Delight 1.7.1 (rusticdelight)
		Sable 2.0.5 (sable)
		Sable Companion 1.6.0 (sablecompanion)
		SecurityCraft 1.10.2.1 (securitycraft)
		Serene Seasons 10.1.0.9 (sereneseasons)
		Sodium 0.8.13+mc1.21.1 (sodium)
		Sodium Extra 0.9.3+mc1.21.1 (sodium_extra)
		Sophisticated Backpacks 3.26.3 (sophisticatedbackpacks)
		Sophisticated Core 1.5.1 (sophisticatedcore)
		Storage Delight 26.07.01a-1.21-neoforge (storagedelight)
		Strut Your Stuff 1.3.1 (struts)
		Survive 10.2.0 (survive)
		Tectonic 3.0.28 (tectonic)
		TRansition 1.0.21 (transition)
		Treeplacer 2.2.0 (treeplacer)
		TRender 1.0.15 (trender)
		UnionLib 13.3 (unionlib)
		Veggies Delight 1.9.3 (veggiesdelight)
		Veil 4.3.2 (veil)
		Xaero's Minimap 26.5.0 (xaerominimap)
		Xaero's World Map 1.46.0 (xaeroworldmap)
		XaeroLib 1.7.3 (xaerolib)
[11:46:13] [main/ERROR]: Access transformer file accesstransformer.cfg provided by mod sodium_extra does not exist!
[11:46:13] [main/INFO]: Loading coremod script-engine for [unionlib, xaeroworldmap, xaerominimap]
[11:46:15] [main/INFO]: Compatibility level set to JAVA_21
[11:46:16] [main/INFO]: Launching target 'forgeclient' with arguments [--version, Industrial minecraft, --gameDir, C:\Users\User\AppData\Roaming\.minecraft\versions\Industrial minecraft, --assetsDir, C:\Users\User\AppData\Roaming\.minecraft\assets, --uuid, 3714f8b3675d4eb697c155f8d59180cb, --username, spotsimon2011, --assetIndex, 17, --accessToken, ❄❄❄❄❄❄❄❄, --clientId, null, --xuid, null, --userType, mojang, --versionType, modified, --width, 925, --height, 530]
[11:46:16] [main/WARN]: Reference map 'unionlib.refmap.json' for unionlib.mixins.json could not be read. If this is a development environment you can ignore this message
[11:46:16] [main/WARN]: Reference map 'unionlib.refmap.json' for unionlib.insert.mixins.json could not be read. If this is a development environment you can ignore this message
[11:46:16] [main/INFO]: Loaded configuration file for Sodium Extra: 36 options available, 0 override(s) found
[11:46:16] [main/WARN]: Reference map 'xaeroworldmap.refmap.json' for xaeroworldmap.mixins.json could not be read. If this is a development environment you can ignore this message
[11:46:16] [main/WARN]: Reference map 'citadel.refmap.json' for citadel.mixins.json could not be read. If this is a development environment you can ignore this message
[11:46:16] [main/WARN]: Reference map 'iris.refmap.json' for mixins.iris.json could not be read. If this is a development environment you can ignore this message
[11:46:16] [main/WARN]: Reference map 'iris.refmap.json' for mixins.iris.fantastic.json could not be read. If this is a development environment you can ignore this message
[11:46:16] [main/WARN]: Reference map 'iris.refmap.json' for mixins.iris.vertexformat.json could not be read. If this is a development environment you can ignore this message
[11:46:16] [main/WARN]: Reference map 'iris.refmap.json' for iris-batched-entity-rendering.mixins.json could not be read. If this is a development environment you can ignore this message
[11:46:16] [main/WARN]: Reference map 'iris.refmap.json' for mixins.iris.compat.sodium.json could not be read. If this is a development environment you can ignore this message
[11:46:16] [main/WARN]: Reference map 'simulated.refmap.json' for simulated.mixins.json could not be read. If this is a development environment you can ignore this message
[11:46:16] [main/WARN]: Reference map 'createdieselgenerators.refmap.json' for createdieselgenerators.mixins.json could not be read. If this is a development environment you can ignore this message
[11:46:16] [main/WARN]: Reference map 'midgard.refmap.json' for midgard.mixins.json could not be read. If this is a development environment you can ignore this message
[11:46:16] [main/WARN]: Reference map 'Survive-refmap.json' for survive.mixins.json could not be read. If this is a development environment you can ignore this message
[11:46:16] [main/WARN]: Reference map 'create_hypertube.refmap.json' for create_hypertube.mixins.json could not be read. If this is a development environment you can ignore this message
[11:46:16] [main/WARN]: Reference map 'conflict_fix.refmap.json' for conflict_fix.mixins.json could not be read. If this is a development environment you can ignore this message
[11:46:16] [main/WARN]: Reference map 'refurbished_furniture.refmap.json' for refurbished_furniture.common.mixins.json could not be read. If this is a development environment you can ignore this message
[11:46:16] [main/WARN]: Reference map 'effortlessbuilding.refmap.json' for neoforge-effortlessbuilding.mixins.json could not be read. If this is a development environment you can ignore this message
[11:46:16] [main/INFO]: Option 'mixin.experimental.entity.block_caching.suffocation' requires 'mixin.util.block_tracking=true' but found 'false'. Setting 'mixin.experimental.entity.block_caching.suffocation=false'.
[11:46:16] [main/INFO]: Option 'mixin.experimental.entity.block_caching.block_support' requires 'mixin.util.block_tracking=true' but found 'false'. Setting 'mixin.experimental.entity.block_caching.block_support=false'.
[11:46:16] [main/INFO]: Option 'mixin.experimental.entity.block_caching.block_touching' requires 'mixin.util.block_tracking=true' but found 'false'. Setting 'mixin.experimental.entity.block_caching.block_touching=false'.
[11:46:16] [main/INFO]: Option 'mixin.experimental.entity.block_caching' requires 'mixin.util.block_tracking=true' but found 'false'. Setting 'mixin.experimental.entity.block_caching=false'.
[11:46:16] [main/INFO]: Loaded configuration file for Lithium: 148 options available, 4 override(s) found
[11:46:16] [main/WARN]: Reference map 'aeronautics.refmap.json' for aeronautics.mixins.json could not be read. If this is a development environment you can ignore this message
[11:46:16] [main/WARN]: Reference map 'xaerolib.refmap.json' for xaerolib.mixins.json could not be read. If this is a development environment you can ignore this message
[11:46:16] [main/WARN]: Reference map 'glitchcore.refmap.json' for glitchcore.mixins.json could not be read. If this is a development environment you can ignore this message
[11:46:16] [main/WARN]: Reference map 'glitchcore.refmap.json' for glitchcore.neoforge.mixins.json could not be read. If this is a development environment you can ignore this message
[11:46:16] [main/WARN]: Reference map 'sereneseasons.refmap.json' for sereneseasons.mixins.json could not be read. If this is a development environment you can ignore this message
[11:46:16] [main/WARN]: Reference map 'sereneseasons.refmap.json' for sereneseasons.neoforge.mixins.json could not be read. If this is a development environment you can ignore this message
[11:46:16] [main/INFO]: Loaded configuration file for Sodium: 45 options available, 1 override(s) found
[11:46:16] [main/WARN]: Reference map 'offroad.refmap.json' for offroad.mixins.json could not be read. If this is a development environment you can ignore this message
[11:46:16] [main/WARN]: Reference map 'treeplacer.refmap.json' for treeplacer.mixins.json could not be read. If this is a development environment you can ignore this message
[11:46:16] [main/WARN]: Reference map 'treeplacer.refmap.json' for treeplacer.neoforge.mixins.json could not be read. If this is a development environment you can ignore this message
[11:46:16] [main/WARN]: Reference map 'alexscaves.refmap.json' for alexscaves.mixins.json could not be read. If this is a development environment you can ignore this message
[11:46:16] [main/WARN]: Reference map 'display.refmap.json' for displaydelight.mixins.json could not be read. If this is a development environment you can ignore this message
[11:46:16] [main/WARN]: Reference map 'ponder.refmap.json' for ponder-common.mixins.json could not be read. If this is a development environment you can ignore this message
[11:46:16] [main/WARN]: Reference map 'xaerominimap.refmap.json' for xaerohud.mixins.json could not be read. If this is a development environment you can ignore this message
[11:46:16] [main/WARN]: Reference map 'xaerominimap.refmap.json' for xaerominimap.mixins.json could not be read. If this is a development environment you can ignore this message
[11:46:16] [main/WARN]: Reference map 'croptopia.refmap.json' for croptopia.mixins.json could not be read. If this is a development environment you can ignore this message
[11:46:16] [main/WARN]: Reference map 'securitycraft.refmap.json' for securitycraft.mixins.json could not be read. If this is a development environment you can ignore this message
[11:46:16] [main/WARN]: Reference map 'entityculling.refmap.mixins.json' for entityculling.mixins.json could not be read. If this is a development environment you can ignore this message
[11:46:16] [main/WARN]: Reference map 'createradar.refmap.json' for create_radar.mixins.json could not be read. If this is a development environment you can ignore this message
[11:46:16] [main/WARN]: Reference map 'geckolib.refmap.json' for geckolib.mixins.json could not be read. If this is a development environment you can ignore this message
[11:46:16] [main/WARN]: Reference map 'dndesires.refmap.json' for dndesires.mixins.json could not be read. If this is a development environment you can ignore this message
[11:46:16] [main/INFO]: Using Sodium renderer mixins
[11:46:16] [main/INFO]: Using Sodium renderer mixins
[11:46:16] [main/WARN]: Reference map 'electroenergetics.refmap.json' for electroenergetics.mixins.json could not be read. If this is a development environment you can ignore this message
[11:46:16] [main/WARN]: Reference map 'createinteroperable.mixin-refmap.json' for createinteroperable.mixin.json could not be read. If this is a development environment you can ignore this message
[11:46:16] [main/WARN]: Reference map '${refmap_target}refmap.json' for ferritecore.predicates.mixin.json could not be read. If this is a development environment you can ignore this message
[11:46:16] [main/WARN]: Reference map '${refmap_target}refmap.json' for ferritecore.fastmap.mixin.json could not be read. If this is a development environment you can ignore this message
[11:46:16] [main/WARN]: Reference map '${refmap_target}refmap.json' for ferritecore.mrl.mixin.json could not be read. If this is a development environment you can ignore this message
[11:46:16] [main/WARN]: Reference map '${refmap_target}refmap.json' for ferritecore.dedupmultipart.mixin.json could not be read. If this is a development environment you can ignore this message
[11:46:16] [main/WARN]: Reference map '${refmap_target}refmap.json' for ferritecore.blockstatecache.mixin.json could not be read. If this is a development environment you can ignore this message
[11:46:16] [main/WARN]: Reference map '${refmap_target}refmap.json' for ferritecore.dedupbakedquad.mixin.json could not be read. If this is a development environment you can ignore this message
[11:46:16] [main/WARN]: Reference map '${refmap_target}refmap.json' for ferritecore.threaddetec.mixin.json could not be read. If this is a development environment you can ignore this message
[11:46:16] [main/WARN]: Reference map '${refmap_target}refmap.json' for ferritecore.modelsides.mixin.json could not be read. If this is a development environment you can ignore this message
[11:46:16] [main/WARN]: Reference map '${refmap_target}refmap.json' for ferritecore.datacomponents.mixin.json could not be read. If this is a development environment you can ignore this message
[11:46:16] [main/WARN]: Reference map '${refmap_target}refmap.json' for ferritecore.accessors.mixin.json could not be read. If this is a development environment you can ignore this message
[11:46:16] [main/WARN]: Reference map 'cold_sweat.mixin-refmap.json' for cold_sweat.mixin.json could not be read. If this is a development environment you can ignore this message
[11:46:16] [main/WARN]: Reference map 'createthrusters.refmap.json' for createthrusters-main.mixins.json could not be read. If this is a development environment you can ignore this message
[11:46:16] [main/WARN]: Reference map 'createthrusters.refmap.json' for createthrusters-lib.mixins.json could not be read. If this is a development environment you can ignore this message
[11:46:16] [main/WARN]: Reference map 'createfood.refmap.json' for createfood.mixins.json could not be read. If this is a development environment you can ignore this message
[11:46:16] [main/WARN]: Reference map 'EpheroLib-refmap.json' for epherolib.mixins.json could not be read. If this is a development environment you can ignore this message
[11:46:16] [main/WARN]: Error loading class: appeng/client/gui/me/common/MEStorageScreen (java.lang.ClassNotFoundException: appeng.client.gui.me.common.MEStorageScreen)
[11:46:16] [main/WARN]: Error loading class: com/hollingsworth/arsnouveau/client/container/AbstractStorageTerminalScreen (java.lang.ClassNotFoundException: com.hollingsworth.arsnouveau.client.container.AbstractStorageTerminalScreen)
[11:46:16] [main/WARN]: Error loading class: dev/emi/emi/EmiRenderHelper (java.lang.ClassNotFoundException: dev.emi.emi.EmiRenderHelper)
[11:46:16] [main/WARN]: Error loading class: dev/emi/emi/screen/EmiScreenManager (java.lang.ClassNotFoundException: dev.emi.emi.screen.EmiScreenManager)
[11:46:16] [main/WARN]: Error loading class: dev/emi/emi/api/widget/RecipeFillButtonWidget (java.lang.ClassNotFoundException: dev.emi.emi.api.widget.RecipeFillButtonWidget)
[11:46:16] [main/WARN]: Error loading class: dev/emi/emi/screen/RecipeScreen (java.lang.ClassNotFoundException: dev.emi.emi.screen.RecipeScreen)
[11:46:16] [main/WARN]: Error loading class: plus/dragons/createenchantmentindustry/common/processing/enchanter/BlazeEnchanterBlockEntity (java.lang.ClassNotFoundException: plus.dragons.createenchantmentindustry.common.processing.enchanter.BlazeEnchanterBlockEntity)
[11:46:16] [main/WARN]: Error loading class: plus/dragons/createenchantmentindustry/common/processing/forger/BlazeForgerBlockEntity (java.lang.ClassNotFoundException: plus.dragons.createenchantmentindustry.common.processing.forger.BlazeForgerBlockEntity)
[11:46:16] [main/WARN]: Error loading class: com/yision/fluidlogistics/content/equipment/mechanicalFluidGun/MechanicalFluidGunBlockEntity (java.lang.ClassNotFoundException: com.yision.fluidlogistics.content.equipment.mechanicalFluidGun.MechanicalFluidGunBlockEntity)
[11:46:16] [main/WARN]: Error loading class: mezz/jei/gui/recipes/RecipeTransferButtonController (java.lang.ClassNotFoundException: mezz.jei.gui.recipes.RecipeTransferButtonController)
[11:46:16] [main/WARN]: Error loading class: com/portingdeadmods/cable_facades/events/GameClientEvents$2 (java.lang.ClassNotFoundException: com.portingdeadmods.cable_facades.events.GameClientEvents$2)
[11:46:16] [main/WARN]: Error loading class: com/direwolf20/justdirethings/client/renderers/OurRenderTypes (java.lang.ClassNotFoundException: com.direwolf20.justdirethings.client.renderers.OurRenderTypes)
[11:46:17] [main/WARN]: Error loading class: mezz/jei/library/plugins/vanilla/ingredients/ItemStackListFactory (java.lang.ClassNotFoundException: mezz.jei.library.plugins.vanilla.ingredients.ItemStackListFactory)
[11:46:17] [main/WARN]: Error loading class: com/alrex/parcool/common/stamina/handlers/HungerStaminaHandler (java.lang.ClassNotFoundException: com.alrex.parcool.common.stamina.handlers.HungerStaminaHandler)
[11:46:17] [main/WARN]: @Mixin target com.alrex.parcool.common.stamina.handlers.HungerStaminaHandler was not found survive.mixins.json:parcool.HungerStaminaHandlerMixin from mod survive
[11:46:17] [main/WARN]: Error loading class: io/socol/betterthirdperson/api/CustomCamera (java.lang.ClassNotFoundException: io.socol.betterthirdperson.api.CustomCamera)
[11:46:17] [main/WARN]: @Mixin target io.socol.betterthirdperson.api.CustomCamera was not found conflict_fix.mixins.json:MixinBetterThirdPerson from mod create_hypertube
[11:46:17] [main/WARN]: Error loading class: me/jellysquid/mods/lithium/common/ai/pathing/PathNodeDefaults (java.lang.ClassNotFoundException: me.jellysquid.mods.lithium.common.ai.pathing.PathNodeDefaults)
[11:46:17] [main/INFO]: Force-disabling mixin 'entity.collisions.unpushable_cramming.EntityMixin' as rule 'mixin.entity.collisions.unpushable_cramming' (added by mods [sable]) disables it and children
[11:46:17] [main/INFO]: Force-disabling mixin 'entity.collisions.unpushable_cramming.EntitySectionMixin' as rule 'mixin.entity.collisions.unpushable_cramming' (added by mods [sable]) disables it and children
[11:46:17] [main/INFO]: Force-disabling mixin 'entity.collisions.unpushable_cramming.EntitySelectorMixin' as rule 'mixin.entity.collisions.unpushable_cramming' (added by mods [sable]) disables it and children
[11:46:17] [main/INFO]: Force-disabling mixin 'entity.collisions.unpushable_cramming.LivingEntityMixin' as rule 'mixin.entity.collisions.unpushable_cramming' (added by mods [sable]) disables it and children
[11:46:17] [main/INFO]: Force-disabling mixin 'world.chunk_access.ChunkHolderMixin' as rule 'mixin.world.chunk_access' (added by mods [sable]) disables it and children
[11:46:17] [main/INFO]: Force-disabling mixin 'world.chunk_access.GenerationChunkHolderAccessor' as rule 'mixin.world.chunk_access' (added by mods [sable]) disables it and children
[11:46:17] [main/INFO]: Force-disabling mixin 'world.chunk_access.LevelMixin' as rule 'mixin.world.chunk_access' (added by mods [sable]) disables it and children
[11:46:17] [main/INFO]: Force-disabling mixin 'world.chunk_access.ServerChunkCacheMixin' as rule 'mixin.world.chunk_access' (added by mods [sable]) disables it and children
[11:46:17] [main/INFO]: Force-disabling mixin 'world.chunk_ticking.spread_ice.BiomeMixin' as rule 'mixin.world.chunk_ticking' (added by mods [sable]) disables it and children
[11:46:17] [main/INFO]: Force-disabling mixin 'world.tick_scheduler.LevelChunkTicksMixin' as rule 'mixin.world.tick_scheduler' (added by mods [sable]) disables it and children
[11:46:17] [main/INFO]: Immersive Portals not present, skipping DH compatibility mixin.
[11:46:17] [main/WARN]: Force-disabling mixin 'features.render.world.sky.ClientLevelMixin' as rule 'mixin.features.render.world.sky' (added by mods [iris]) disables it and children
[11:46:17] [main/WARN]: Force-disabling mixin 'features.render.world.sky.FogRendererMixin' as rule 'mixin.features.render.world.sky' (added by mods [iris]) disables it and children
[11:46:17] [main/WARN]: Force-disabling mixin 'features.render.world.sky.LevelRendererMixin' as rule 'mixin.features.render.world.sky' (added by mods [iris]) disables it and children
[11:46:17] [main/WARN]: Error loading class: me/cominixo/betterf3/modules/TargetModule (java.lang.ClassNotFoundException: me.cominixo.betterf3.modules.TargetModule)
[11:46:17] [main/WARN]: @Mixin target me.cominixo.betterf3.modules.TargetModule was not found securitycraft.mixins.json:f3.BetterF3TargetModuleMixin from mod securitycraft
[11:46:17] [main/WARN]: Error loading class: net/satisfy/farm_and_charm/core/block/SinkBlock (java.lang.ClassNotFoundException: net.satisfy.farm_and_charm.core.block.SinkBlock)
[11:46:17] [main/WARN]: @Mixin target net.satisfy.farm_and_charm.core.block.SinkBlock was not found createinteroperable.letsdo.mixin.json:FarmAndCharmSinkBlockMixin from mod createinteroperable
[11:46:17] [main/WARN]: Error loading class: net/satisfy/alpinewhispers/core/block/SinkBlock (java.lang.ClassNotFoundException: net.satisfy.alpinewhispers.core.block.SinkBlock)
[11:46:17] [main/WARN]: @Mixin target net.satisfy.alpinewhispers.core.block.SinkBlock was not found createinteroperable.letsdo.mixin.json:FarmAndCharmSinkBlockMixin from mod createinteroperable
[11:46:17] [main/WARN]: Error loading class: net/satisfy/alpinewhispers/core/block/BathtubBlock (java.lang.ClassNotFoundException: net.satisfy.alpinewhispers.core.block.BathtubBlock)
[11:46:17] [main/WARN]: @Mixin target net.satisfy.alpinewhispers.core.block.BathtubBlock was not found createinteroperable.letsdo.mixin.json:AlpineWhispersBathtubBlockMixin from mod createinteroperable
[11:46:17] [main/WARN]: Error loading class: net/satisfy/alpinewhispers/core/block/entity/BathtubBlockEntity (java.lang.ClassNotFoundException: net.satisfy.alpinewhispers.core.block.entity.BathtubBlockEntity)
[11:46:17] [main/WARN]: @Mixin target net.satisfy.alpinewhispers.core.block.entity.BathtubBlockEntity was not found createinteroperable.letsdo.mixin.json:AlpineWhispersBathtubEntityMixin from mod createinteroperable
[11:46:17] [main/WARN]: Error loading class: net/satisfy/alpinewhispers/core/block/FairyLightsBlock (java.lang.ClassNotFoundException: net.satisfy.alpinewhispers.core.block.FairyLightsBlock)
[11:46:17] [main/WARN]: @Mixin target net.satisfy.alpinewhispers.core.block.FairyLightsBlock was not found createinteroperable.letsdo.mixin.json:AlpineFairyLightsBlockMixin from mod createinteroperable
[11:46:17] [main/WARN]: Error loading class: com/starfish_studios/another_furniture/block/LampBlock (java.lang.ClassNotFoundException: com.starfish_studios.another_furniture.block.LampBlock)
[11:46:17] [main/WARN]: @Mixin target com.starfish_studios.another_furniture.block.LampBlock was not found createinteroperable.letsdo.mixin.json:AnotherFurnitureLampBlockMixin from mod createinteroperable
[11:46:17] [main/WARN]: Error loading class: com/starfish_studios/another_furniture/block/LampBlock (java.lang.ClassNotFoundException: com.starfish_studios.another_furniture.block.LampBlock)
[11:46:17] [main/WARN]: @Mixin target com.starfish_studios.another_furniture.block.LampBlock was not found createinteroperable.letsdo.mixin.json:AnotherFurnitureLampToggleMixin from mod createinteroperable
[11:46:17] [main/WARN]: Error loading class: com/github/minecraftschurlimods/bibliocraft/content/fancylight/FancyLampBlock (java.lang.ClassNotFoundException: com.github.minecraftschurlimods.bibliocraft.content.fancylight.FancyLampBlock)
[11:46:17] [main/WARN]: @Mixin target com.github.minecraftschurlimods.bibliocraft.content.fancylight.FancyLampBlock was not found createinteroperable.letsdo.mixin.json:BibliocraftLampBlockMixin from mod createinteroperable
[11:46:17] [main/WARN]: Error loading class: com/berksire/furniture/core/block/LampBlock (java.lang.ClassNotFoundException: com.berksire.furniture.core.block.LampBlock)
[11:46:17] [main/WARN]: @Mixin target com.berksire.furniture.core.block.LampBlock was not found createinteroperable.letsdo.mixin.json:LetsDoLampBlockMixin from mod createinteroperable
[11:46:17] [main/WARN]: Error loading class: com/berksire/furniture/core/block/LampWallBlock (java.lang.ClassNotFoundException: com.berksire.furniture.core.block.LampWallBlock)
[11:46:17] [main/WARN]: @Mixin target com.berksire.furniture.core.block.LampWallBlock was not found createinteroperable.letsdo.mixin.json:LetsDoLampBlockMixin from mod createinteroperable
[11:46:17] [main/WARN]: Error loading class: com/berksire/furniture/core/block/StreetLanternBlock (java.lang.ClassNotFoundException: com.berksire.furniture.core.block.StreetLanternBlock)
[11:46:17] [main/WARN]: @Mixin target com.berksire.furniture.core.block.StreetLanternBlock was not found createinteroperable.letsdo.mixin.json:LetsDoLampBlockMixin from mod createinteroperable
[11:46:17] [main/WARN]: Error loading class: com/berksire/furniture/core/block/StreetLanternWallBlock (java.lang.ClassNotFoundException: com.berksire.furniture.core.block.StreetLanternWallBlock)
[11:46:17] [main/WARN]: @Mixin target com.berksire.furniture.core.block.StreetLanternWallBlock was not found createinteroperable.letsdo.mixin.json:LetsDoLampBlockMixin from mod createinteroperable
[11:46:17] [main/WARN]: Error loading class: net/satisfy/candlelight/core/block/LampBlock (java.lang.ClassNotFoundException: net.satisfy.candlelight.core.block.LampBlock)
[11:46:17] [main/WARN]: @Mixin target net.satisfy.candlelight.core.block.LampBlock was not found createinteroperable.letsdo.mixin.json:LetsDoLampBlockMixin from mod createinteroperable
[11:46:17] [main/WARN]: Error loading class: com/berksire/furniture/core/block/LampBlock (java.lang.ClassNotFoundException: com.berksire.furniture.core.block.LampBlock)
[11:46:17] [main/WARN]: @Mixin target com.berksire.furniture.core.block.LampBlock was not found createinteroperable.letsdo.mixin.json:LetsDoLampToggleMixin from mod createinteroperable
[11:46:17] [main/WARN]: Error loading class: com/berksire/furniture/core/block/LampWallBlock (java.lang.ClassNotFoundException: com.berksire.furniture.core.block.LampWallBlock)
[11:46:17] [main/WARN]: @Mixin target com.berksire.furniture.core.block.LampWallBlock was not found createinteroperable.letsdo.mixin.json:LetsDoLampToggleMixin from mod createinteroperable
[11:46:17] [main/WARN]: Error loading class: net/satisfy/candlelight/core/block/LampBlock (java.lang.ClassNotFoundException: net.satisfy.candlelight.core.block.LampBlock)
[11:46:17] [main/WARN]: @Mixin target net.satisfy.candlelight.core.block.LampBlock was not found createinteroperable.letsdo.mixin.json:LetsDoLampToggleMixin from mod createinteroperable
[11:46:17] [main/WARN]: Error loading class: com/berksire/furniture/core/block/entity/GramophoneBlockEntity (java.lang.ClassNotFoundException: com.berksire.furniture.core.block.entity.GramophoneBlockEntity)
[11:46:17] [main/WARN]: @Mixin target com.berksire.furniture.core.block.entity.GramophoneBlockEntity was not found createinteroperable.letsdo.mixin.json:GramophoneNodeMixin from mod createinteroperable
[11:46:17] [main/WARN]: Error loading class: com/berksire/furniture/core/block/GramophoneBlock (java.lang.ClassNotFoundException: com.berksire.furniture.core.block.GramophoneBlock)
[11:46:17] [main/WARN]: @Mixin target com.berksire.furniture.core.block.GramophoneBlock was not found createinteroperable.letsdo.mixin.json:GramophoneBlockMixin from mod createinteroperable
[11:46:17] [main/WARN]: Error loading class: net/satisfy/beachparty/core/block/entity/RadioBlockEntity (java.lang.ClassNotFoundException: net.satisfy.beachparty.core.block.entity.RadioBlockEntity)
[11:46:17] [main/WARN]: @Mixin target net.satisfy.beachparty.core.block.entity.RadioBlockEntity was not found createinteroperable.letsdo.mixin.json:RadioNodeMixin from mod createinteroperable
[11:46:17] [main/WARN]: Error loading class: net/satisfy/beachparty/core/block/RadioBlock (java.lang.ClassNotFoundException: net.satisfy.beachparty.core.block.RadioBlock)
[11:46:17] [main/WARN]: @Mixin target net.satisfy.beachparty.core.block.RadioBlock was not found createinteroperable.letsdo.mixin.json:RadioBlockMixin from mod createinteroperable
[11:46:17] [main/WARN]: Error loading class: net/satisfy/beachparty/core/block/entity/MiniFridgeBlockEntity (java.lang.ClassNotFoundException: net.satisfy.beachparty.core.block.entity.MiniFridgeBlockEntity)
[11:46:17] [main/WARN]: @Mixin target net.satisfy.beachparty.core.block.entity.MiniFridgeBlockEntity was not found createinteroperable.letsdo.mixin.json:MiniFridgeNodeMixin from mod createinteroperable
[11:46:17] [main/WARN]: Error loading class: net/satisfy/beachparty/core/block/MiniFridgeBlock (java.lang.ClassNotFoundException: net.satisfy.beachparty.core.block.MiniFridgeBlock)
[11:46:17] [main/WARN]: @Mixin target net.satisfy.beachparty.core.block.MiniFridgeBlock was not found createinteroperable.letsdo.mixin.json:MiniFridgeBlockMixin from mod createinteroperable
[11:46:17] [main/WARN]: Error loading class: com/github/minecraftschurlimods/bibliocraft/content/fancycrafter/FancyCrafterBlockEntity (java.lang.ClassNotFoundException: com.github.minecraftschurlimods.bibliocraft.content.fancycrafter.FancyCrafterBlockEntity)
[11:46:17] [main/WARN]: @Mixin target com.github.minecraftschurlimods.bibliocraft.content.fancycrafter.FancyCrafterBlockEntity was not found createinteroperable.letsdo.mixin.json:FancyCrafterNodeMixin from mod createinteroperable
[11:46:17] [main/WARN]: Error loading class: com/berksire/furniture/core/block/entity/GramophoneBlockEntity (java.lang.ClassNotFoundException: com.berksire.furniture.core.block.entity.GramophoneBlockEntity)
[11:46:17] [main/WARN]: @Mixin target com.berksire.furniture.core.block.entity.GramophoneBlockEntity was not found createinteroperable.letsdo.crayfish.mixin.json:GramophoneBlockEntityMixin from mod createinteroperable
[11:46:17] [main/WARN]: Error loading class: net/satisfy/beachparty/core/block/entity/RadioBlockEntity (java.lang.ClassNotFoundException: net.satisfy.beachparty.core.block.entity.RadioBlockEntity)
[11:46:17] [main/WARN]: @Mixin target net.satisfy.beachparty.core.block.entity.RadioBlockEntity was not found createinteroperable.letsdo.crayfish.mixin.json:RadioBlockEntityMixin from mod createinteroperable
[11:46:17] [main/WARN]: Error loading class: net/satisfy/beachparty/core/block/entity/MiniFridgeBlockEntity (java.lang.ClassNotFoundException: net.satisfy.beachparty.core.block.entity.MiniFridgeBlockEntity)
[11:46:17] [main/WARN]: @Mixin target net.satisfy.beachparty.core.block.entity.MiniFridgeBlockEntity was not found createinteroperable.letsdo.crayfish.mixin.json:MiniFridgeBlockEntityMixin from mod createinteroperable
[11:46:17] [main/WARN]: Error loading class: com/github/minecraftschurlimods/bibliocraft/content/fancycrafter/FancyCrafterBlockEntity (java.lang.ClassNotFoundException: com.github.minecraftschurlimods.bibliocraft.content.fancycrafter.FancyCrafterBlockEntity)
[11:46:17] [main/WARN]: @Mixin target com.github.minecraftschurlimods.bibliocraft.content.fancycrafter.FancyCrafterBlockEntity was not found createinteroperable.letsdo.crayfish.mixin.json:FancyCrafterBlockEntityMixin from mod createinteroperable
[11:46:17] [main/WARN]: Error loading class: com/berksire/furniture/client/render/block/GramophoneRenderer (java.lang.ClassNotFoundException: com.berksire.furniture.client.render.block.GramophoneRenderer)
[11:46:17] [main/WARN]: @Mixin target com.berksire.furniture.client.render.block.GramophoneRenderer was not found createinteroperable.letsdo.crayfish.mixin.json:GramophoneRendererMixin from mod createinteroperable
[11:46:17] [main/WARN]: Error loading class: com/mrbysco/spoiled/config/SpoiledConfigCache (java.lang.ClassNotFoundException: com.mrbysco.spoiled.config.SpoiledConfigCache)
[11:46:17] [main/WARN]: @Mixin target com.mrbysco.spoiled.config.SpoiledConfigCache was not found cold_sweat.mixin.json:compat.MixinSpoiledIcebox$ContainerModifier from mod cold_sweat
[11:46:17] [main/INFO]: [CT][Compat] Enabled Aeroworks controller redstone compatibility
[11:46:17] [main/INFO]: [CT][Compat] Enabled Dimensional Sable ServerLevelPlot#getContraptions bridge
[11:46:17] [main/WARN]: [CT][Compat] Applied WheelMountDirectControlDbwCompatMixin during early bootstrap fallback
[11:46:17] [main/WARN]: [CT][Compat] Skipped WheelMountDirectControlMixin during early bootstrap because ModList is not ready
[11:46:17] [main/INFO]: [CT][Compat] Detected Simulated rope API with boolean create/destroy parameters
[11:46:17] [main/INFO]: [CT-Lib][Compat] Enabled Aeroworks precise-angle compatibility
[11:46:17] [main/WARN]: Error loading class: org/jetbrains/annotations/ApiStatus$ScheduledForRemoval (java.lang.ClassNotFoundException: org.jetbrains.annotations.ApiStatus$ScheduledForRemoval)
[11:46:18] [main/INFO]: Initializing MixinExtras via com.llamalad7.mixinextras.service.MixinExtrasServiceImpl(version=0.5.3).
[13sep2026 11:46:19.926] [Datafixer Bootstrap/INFO] [com.mojang.datafixers.DataFixerBuilder/]: 229 Datafixer optimizations took 387 milliseconds
[13sep2026 11:46:20.814] [pool-15-thread-1/WARN] [mixin/]: Method overwrite conflict for clip in pantographsandwires.mixins.json:BlockGetterMixin from mod pantographsandwires, previously written by net.caffeinemc.mods.lithium.mixin.world.raycast.BlockGetterMixin. Skipping method.
[13sep2026 11:46:24.682] [pool-15-thread-1/WARN] [mixin/]: Mixin alexscaves.mixins.json:SwampHutPieceMixin from mod alexscaves has multiple constructors, <init>(Lnet/minecraft/world/level/levelgen/structure/pieces/StructurePieceType;IIIIIILnet/minecraft/core/Direction;)V was selected

[13sep2026 11:46:25.403] [Render thread/WARN] [net.minecraft.server.packs.VanillaPackResourcesBuilder/]: Assets URL 'union:/C:/Users/User/AppData/Roaming/.minecraft/libraries/net/minecraft/client/1.21.1-20240808.144430/client-1.21.1-20240808.144430-srg.jar%23300!/assets/.mcassetsroot' uses unexpected schema
[13sep2026 11:46:25.403] [Render thread/WARN] [net.minecraft.server.packs.VanillaPackResourcesBuilder/]: Assets URL 'union:/C:/Users/User/AppData/Roaming/.minecraft/libraries/net/minecraft/client/1.21.1-20240808.144430/client-1.21.1-20240808.144430-srg.jar%23300!/data/.mcassetsroot' uses unexpected schema
[13sep2026 11:46:25.427] [Render thread/INFO] [com.mojang.authlib.yggdrasil.YggdrasilAuthenticationService/]: Environment: Environment[sessionHost=https://sessionserver.mojang.com, servicesHost=https://api.minecraftservices.com, name=PROD]
[13sep2026 11:46:25.436] [Render thread/INFO] [net.minecraft.client.Minecraft/]: Setting user: spotsimon2011
[13sep2026 11:46:25.512] [Render thread/INFO] [Iris/]: Queuing DH event binding...
[13sep2026 11:46:25.562] [Render thread/INFO] [net.minecraft.client.Minecraft/]: Backend library: LWJGL version 3.3.3+5
[13sep2026 11:46:25.601] [Render thread/INFO] [com.mojang.blaze3d.platform.Window/]: OpenGL Vendor: NVIDIA Corporation
[13sep2026 11:46:25.601] [Render thread/INFO] [com.mojang.blaze3d.platform.Window/]: OpenGL Renderer: NVIDIA GeForce RTX 5060 Laptop GPU/PCIe/SSE2
[13sep2026 11:46:25.601] [Render thread/INFO] [com.mojang.blaze3d.platform.Window/]: OpenGL Version: 4.6.0 NVIDIA 610.47
[13sep2026 11:46:25.602] [Render thread/INFO] [Sodium-NvidiaWorkarounds/]: Modifying OpenGL context to apply workarounds for the NVIDIA graphics driver...
[13sep2026 11:46:25.603] [Render thread/INFO] [Sodium-NvidiaWorkarounds/]: Enabling GL_DEBUG_OUTPUT_SYNCHRONOUS to force the NVIDIA driver to disable threaded command submission
[13sep2026 11:46:25.676] [Render thread/INFO] [ImmediatelyFast/]: Initializing ImmediatelyFast 1.6.13+1.21.1 on NVIDIA GeForce RTX 5060 Laptop GPU/PCIe/SSE2 (NVIDIA Corporation) with OpenGL 4.6.0 NVIDIA 610.47
[13sep2026 11:46:25.676] [Render thread/INFO] [ImmediatelyFast/]: Found Iris 1.8.14-beta.1+mc1.21.1. Enabling compatibility.
[13sep2026 11:46:25.864] [Render thread/INFO] [Iris/]: Debug functionality is disabled.
[13sep2026 11:46:25.865] [Render thread/INFO] [Iris/]: OpenGL 4.5 detected, enabling DSA.
[13sep2026 11:46:25.976] [ForkJoinPool.commonPool-worker-6/WARN] [Iris/]: [Iris Update Check] This version doesn't have an update index, skipping.
[13sep2026 11:46:26.241] [modloading-worker-0/INFO] [Veil/]: Veil is initializing.
[13sep2026 11:46:26.265] [modloading-worker-0/INFO] [Create Deco/]: Registering items for Create Deco
[13sep2026 11:46:26.304] [modloading-worker-0/INFO] [net.neoforged.neoforge.common.NeoForgeMod/NEOFORGE-MOD]: NeoForge mod loading, version 21.1.250, for MC 1.21.1
[13sep2026 11:46:26.409] [modloading-worker-0/INFO] [com.axperty.storagedelight.StorageDelight/]: Storage Delight loaded
[13sep2026 11:46:26.665] [modloading-worker-0/INFO] [xaero.map.WorldMap/]: Registering common data for channel xaeroworldmap:main!
[13sep2026 11:46:26.758] [modloading-worker-0/INFO] [Create Deco/]: Registering blocks for Create Deco
[13sep2026 11:46:26.759] [modloading-worker-0/INFO] [xaero.map.WorldMap/]: Registering client data for channel xaeroworldmap:main!
[13sep2026 11:46:26.878] [modloading-worker-0/INFO] [Create Deco/]: Populating connected texture maps...
[13sep2026 11:46:26.946] [modloading-worker-0/INFO] [xaero.map.WorldMap/]: Loading primary common config for channel xaeroworldmap:main!
[13sep2026 11:46:26.981] [modloading-worker-0/INFO] [xaero.map.WorldMap/]: Loading server config profiles for channel xaeroworldmap:main!
[13sep2026 11:46:26.989] [modloading-worker-0/INFO] [xaero.map.WorldMap/]: Loading primary client config for channel xaeroworldmap:main!
[13sep2026 11:46:27.000] [modloading-worker-0/INFO] [xaero.map.WorldMap/]: Loading client config profiles for channel xaeroworldmap:main!
[13sep2026 11:46:27.004] [modloading-worker-0/INFO] [noisium/]: Loading Noisium.
[13sep2026 11:46:27.172] [modloading-worker-0/INFO] [unionlib/]: Watching directory: C:\Users\User\AppData\Roaming\.minecraft\versions\Industrial minecraft\config
[13sep2026 11:46:27.173] [modloading-worker-0/INFO] [unionlib/]: Watching file: survive-server.toml
[13sep2026 11:46:27.199] [modloading-worker-0/WARN] [mixin/]: @Inject(@At("INVOKE")) Shift.BY=2 on cold_sweat.mixin.json:MixinRegistration from mod cold_sweat::handler$fjp000$cold_sweat$loadRegistryContents exceeds the maximum allowed value: 0. Increase the value of maxShiftBy to suppress this warning.
[13sep2026 11:46:27.230] [modloading-worker-0/INFO] [unionlib/]: Watching directory: C:\Users\User\AppData\Roaming\.minecraft\versions\Industrial minecraft\config\Survive Configs
[13sep2026 11:46:27.230] [modloading-worker-0/INFO] [unionlib/]: Watching file: food-common.toml
[13sep2026 11:46:27.242] [modloading-worker-0/INFO] [unionlib/]: Watching file: survive-client.toml
[13sep2026 11:46:27.242] [modloading-worker-0/INFO] [unionlib/]: Watching file: survive-common.toml
[13sep2026 11:46:27.275] [modloading-worker-0/INFO] [unionlib/]: Watching file: hygiene-common.toml
[13sep2026 11:46:27.286] [modloading-worker-0/INFO] [unionlib/]: Watching file: temperature-client.toml
[13sep2026 11:46:27.288] [modloading-worker-0/INFO] [unionlib/]: Watching file: temperature-common.toml
[13sep2026 11:46:27.307] [modloading-worker-0/INFO] [unionlib/]: Watching file: thirst-common.toml
[13sep2026 11:46:27.308] [modloading-worker-0/INFO] [unionlib/]: Watching file: thirst-server.toml
[13sep2026 11:46:27.324] [modloading-worker-0/INFO] [unionlib/]: Watching file: wellbeing-common.toml
[13sep2026 11:46:27.334] [modloading-worker-0/INFO] [unionlib/]: Watching file: stamina-client.toml
[13sep2026 11:46:27.334] [modloading-worker-0/INFO] [unionlib/]: Watching file: stamina-common.toml
[13sep2026 11:46:27.334] [modloading-worker-0/INFO] [unionlib/]: Watching file: stamina-server.toml
[13sep2026 11:46:27.546] [modloading-worker-0/INFO] [unionlib/]: Starting up: survive
[13sep2026 11:46:27.569] [modloading-worker-0/INFO] [net.nuclearteam.createnuclear.CreateNuclear/]: createnuclear 6.0.10 initializing! Commit hash: ac0c444d9828da3453ae8cc65338e8de063286fb
[13sep2026 11:46:27.576] [modloading-worker-0/INFO] [net.nuclearteam.createnuclear.CreateNuclear/]: Registering mod tags for createnuclear
[13sep2026 11:46:27.627] [modloading-worker-0/INFO] [unionlib/]: Watching file: unionlib-client.toml
[13sep2026 11:46:27.627] [modloading-worker-0/INFO] [unionlib/]: Watching file: unionlib-common.toml
[13sep2026 11:46:27.647] [modloading-worker-0/INFO] [unionlib/]: Watching file: unionlib-server.toml
[13sep2026 11:46:27.705] [modloading-worker-0/INFO] [UnionLib Registry/]: Found 5 registry classes in unionlib
[13sep2026 11:46:27.708] [modloading-worker-0/INFO] [UnionLib Registry/]: Registering minecraft:attributes in class com.stereowalker.unionlib.world.entity.ai.UAttributes
[13sep2026 11:46:27.717] [modloading-worker-0/INFO] [UnionLib Registry/]: Registering minecraft:items in class com.stereowalker.unionlib.world.item.UItems
[13sep2026 11:46:27.719] [modloading-worker-0/INFO] [UnionLib Registry/]: Registering minecraft:menus in class com.stereowalker.unionlib.world.inventory.UMenuType
[13sep2026 11:46:27.719] [modloading-worker-0/INFO] [UnionLib Registry/]: Registering minecraft:recipe_serializers in class com.stereowalker.unionlib.world.item.crafting.URecipeSerializer
[13sep2026 11:46:27.720] [modloading-worker-0/INFO] [UnionLib Registry/]: Registering minecraft:data_component_types in class com.stereowalker.unionlib.world.item.component.UDataComponents
[13sep2026 11:46:27.725] [modloading-worker-0/WARN] [mixin/]: Discarding @Unique public method rotate in copycats-neoforge.mixins.json:foundation.copycat.CopycatBlockMixin from mod copycats because it already exists in com.copycatsplus.copycats.content.copycat.door.CopycatDoorBlock
[13sep2026 11:46:27.725] [modloading-worker-0/WARN] [mixin/]: Discarding @Unique public method mirror in copycats-neoforge.mixins.json:foundation.copycat.CopycatBlockMixin from mod copycats because it already exists in com.copycatsplus.copycats.content.copycat.door.CopycatDoorBlock
[13sep2026 11:46:27.725] [modloading-worker-0/WARN] [mixin/]: Discarding @Unique public method useItemOn in copycats-neoforge.mixins.json:foundation.copycat.CopycatBlockMixin from mod copycats because it already exists in com.copycatsplus.copycats.content.copycat.door.CopycatDoorBlock
[13sep2026 11:46:27.725] [modloading-worker-0/WARN] [mixin/]: Discarding @Unique public method useWithoutItem in copycats-neoforge.mixins.json:foundation.copycat.CopycatBlockMixin from mod copycats because it already exists in com.copycatsplus.copycats.content.copycat.door.CopycatDoorBlock
[13sep2026 11:46:27.725] [modloading-worker-0/INFO] [net.nuclearteam.createnuclear.CreateNuclear/]: Registering ModBlocks for createnuclear
[13sep2026 11:46:27.730] [modloading-worker-0/WARN] [mixin/]: Discarding @Unique public method rotate in copycats-neoforge.mixins.json:foundation.copycat.CopycatBlockMixin from mod copycats because it already exists in com.copycatsplus.copycats.content.copycat.fluid_pipe.CopycatGlassFluidPipeBlock
[13sep2026 11:46:27.730] [modloading-worker-0/WARN] [mixin/]: Discarding @Unique public method mirror in copycats-neoforge.mixins.json:foundation.copycat.CopycatBlockMixin from mod copycats because it already exists in com.copycatsplus.copycats.content.copycat.fluid_pipe.CopycatGlassFluidPipeBlock
[13sep2026 11:46:27.730] [modloading-worker-0/WARN] [mixin/]: Discarding @Unique public method useItemOn in copycats-neoforge.mixins.json:foundation.copycat.CopycatBlockMixin from mod copycats because it already exists in com.copycatsplus.copycats.content.copycat.fluid_pipe.CopycatGlassFluidPipeBlock
[13sep2026 11:46:27.730] [modloading-worker-0/WARN] [mixin/]: Discarding @Unique public method useWithoutItem in copycats-neoforge.mixins.json:foundation.copycat.CopycatBlockMixin from mod copycats because it already exists in com.copycatsplus.copycats.content.copycat.fluid_pipe.CopycatGlassFluidPipeBlock
[13sep2026 11:46:27.737] [modloading-worker-0/WARN] [mixin/]: Discarding @Unique public method rotate in copycats-neoforge.mixins.json:foundation.copycat.CopycatBlockMixin from mod copycats because it already exists in com.copycatsplus.copycats.content.copycat.sliding_door.CopycatSlidingDoorBlock
[13sep2026 11:46:27.737] [modloading-worker-0/WARN] [mixin/]: Discarding @Unique public method mirror in copycats-neoforge.mixins.json:foundation.copycat.CopycatBlockMixin from mod copycats because it already exists in com.copycatsplus.copycats.content.copycat.sliding_door.CopycatSlidingDoorBlock
[13sep2026 11:46:27.737] [modloading-worker-0/WARN] [mixin/]: Discarding @Unique public method useItemOn in copycats-neoforge.mixins.json:foundation.copycat.CopycatBlockMixin from mod copycats because it already exists in com.copycatsplus.copycats.content.copycat.sliding_door.CopycatSlidingDoorBlock
[13sep2026 11:46:27.737] [modloading-worker-0/WARN] [mixin/]: Discarding @Unique public method useWithoutItem in copycats-neoforge.mixins.json:foundation.copycat.CopycatBlockMixin from mod copycats because it already exists in com.copycatsplus.copycats.content.copycat.sliding_door.CopycatSlidingDoorBlock
[13sep2026 11:46:27.748] [modloading-worker-0/WARN] [mixin/]: Discarding @Unique public method rotate in copycats-neoforge.mixins.json:foundation.copycat.multistate.MultiStateCopycatBlockMixin from mod copycats because it already exists in com.copycatsplus.copycats.foundation.copycat.multistate.MultiStateCopycatBlock
[13sep2026 11:46:27.748] [modloading-worker-0/WARN] [mixin/]: Discarding @Unique public method mirror in copycats-neoforge.mixins.json:foundation.copycat.multistate.MultiStateCopycatBlockMixin from mod copycats because it already exists in com.copycatsplus.copycats.foundation.copycat.multistate.MultiStateCopycatBlock
[13sep2026 11:46:27.748] [modloading-worker-0/WARN] [mixin/]: Discarding @Unique public method useItemOn in copycats-neoforge.mixins.json:foundation.copycat.multistate.MultiStateCopycatBlockMixin from mod copycats because it already exists in com.copycatsplus.copycats.foundation.copycat.multistate.MultiStateCopycatBlock
[13sep2026 11:46:27.748] [modloading-worker-0/WARN] [mixin/]: Discarding @Unique public method useWithoutItem in copycats-neoforge.mixins.json:foundation.copycat.multistate.MultiStateCopycatBlockMixin from mod copycats because it already exists in com.copycatsplus.copycats.foundation.copycat.multistate.MultiStateCopycatBlock
[13sep2026 11:46:27.787] [modloading-worker-0/INFO] [UnionLib Registry/]: Found 12 registry classes in survive
[13sep2026 11:46:27.799] [modloading-worker-0/INFO] [UnionLib Registry/]: Registering minecraft:attributes in class com.stereowalker.survive.world.entity.ai.attributes.SAttributes
[13sep2026 11:46:27.801] [modloading-worker-0/INFO] [UnionLib Registry/]: Registering minecraft:blocks in class com.stereowalker.survive.world.level.block.SBlocks
[13sep2026 11:46:27.806] [modloading-worker-0/INFO] [UnionLib Registry/]: Registering minecraft:fluids in class com.stereowalker.survive.world.level.material.SFluids
[13sep2026 11:46:27.809] [modloading-worker-0/WARN] [mixin/]: Discarding @Unique public method rotate in copycats-neoforge.mixins.json:foundation.copycat.CopycatBlockMixin from mod copycats because it already exists in com.copycatsplus.copycats.foundation.copycat.CCCopycatBlock
[13sep2026 11:46:27.809] [modloading-worker-0/WARN] [mixin/]: Discarding @Unique public method mirror in copycats-neoforge.mixins.json:foundation.copycat.CopycatBlockMixin from mod copycats because it already exists in com.copycatsplus.copycats.foundation.copycat.CCCopycatBlock
[13sep2026 11:46:27.810] [modloading-worker-0/WARN] [mixin/]: Discarding @Unique public method useItemOn in copycats-neoforge.mixins.json:foundation.copycat.CopycatBlockMixin from mod copycats because it already exists in com.copycatsplus.copycats.foundation.copycat.CCCopycatBlock
[13sep2026 11:46:27.810] [modloading-worker-0/WARN] [mixin/]: Discarding @Unique public method useWithoutItem in copycats-neoforge.mixins.json:foundation.copycat.CopycatBlockMixin from mod copycats because it already exists in com.copycatsplus.copycats.foundation.copycat.CCCopycatBlock
[13sep2026 11:46:27.815] [modloading-worker-0/INFO] [UnionLib Registry/]: Registering minecraft:items in class com.stereowalker.survive.world.item.SItems
[13sep2026 11:46:27.819] [modloading-worker-0/INFO] [UnionLib Registry/]: Registering minecraft:items in class com.stereowalker.survive.world.item.HygieneItems
[13sep2026 11:46:27.820] [modloading-worker-0/INFO] [UnionLib Registry/]: Registering minecraft:mob_effects in class com.stereowalker.survive.world.effect.SMobEffects
[13sep2026 11:46:27.828] [modloading-worker-0/INFO] [UnionLib Registry/]: Registering minecraft:recipe_serializers in class com.stereowalker.survive.world.item.crafting.SRecipeSerializer
[13sep2026 11:46:27.836] [modloading-worker-0/INFO] [com.happysg.radar.CreateRadar/]: Initializing Create Radar!
[13sep2026 11:46:27.837] [modloading-worker-0/INFO] [UnionLib Registry/]: Registering minecraft:data_component_types in class com.stereowalker.survive.world.item.component.SDataComponents
[13sep2026 11:46:27.841] [modloading-worker-0/INFO] [UnionLib Registry/]: Registering minecraft:enchantment_effect_component_types in class com.stereowalker.survive.world.item.enchantment.SEnchantmentEffectComponents
[13sep2026 11:46:27.846] [modloading-worker-0/INFO] [UnionLib Registry/]: Registering minecraft:potions in class com.stereowalker.survive.world.item.alchemy.SPotions
[13sep2026 11:46:27.851] [modloading-worker-0/INFO] [UnionLib Registry/]: Registering minecraft:particle_types in class com.stereowalker.survive.core.particles.SParticleTypes
[13sep2026 11:46:27.852] [modloading-worker-0/INFO] [UnionLib Registry/]: Registering minecraft:menus in class com.stereowalker.survive.world.inventory.SMenuType
[13sep2026 11:46:27.867] [modloading-worker-0/INFO] [unionlib/]: Starting up: unionlib
[13sep2026 11:46:27.874] [modloading-worker-0/INFO] [com.happysg.radar.CreateRadar/]: Registering Items!
[13sep2026 11:46:27.898] [modloading-worker-0/WARN] [mixin/]: Discarding @Unique public method rotate in copycats-neoforge.mixins.json:foundation.copycat.CopycatBlockMixin from mod copycats because it already exists in com.copycatsplus.copycats.content.copycat.button.CopycatButtonBlock
[13sep2026 11:46:27.898] [modloading-worker-0/WARN] [mixin/]: Discarding @Unique public method mirror in copycats-neoforge.mixins.json:foundation.copycat.CopycatBlockMixin from mod copycats because it already exists in com.copycatsplus.copycats.content.copycat.button.CopycatButtonBlock
[13sep2026 11:46:27.898] [modloading-worker-0/WARN] [mixin/]: Discarding @Unique public method useItemOn in copycats-neoforge.mixins.json:foundation.copycat.CopycatBlockMixin from mod copycats because it already exists in com.copycatsplus.copycats.content.copycat.button.CopycatButtonBlock
[13sep2026 11:46:27.898] [modloading-worker-0/WARN] [mixin/]: Discarding @Unique public method useWithoutItem in copycats-neoforge.mixins.json:foundation.copycat.CopycatBlockMixin from mod copycats because it already exists in com.copycatsplus.copycats.content.copycat.button.CopycatButtonBlock
[13sep2026 11:46:27.902] [modloading-worker-0/INFO] [xaero.lib.XaeroLib/]: Registering common data for channel xaerolib:main!
[13sep2026 11:46:27.903] [modloading-worker-0/INFO] [xaero.lib.XaeroLib/]: Registering client data for channel xaerolib:main!
[13sep2026 11:46:27.905] [modloading-worker-0/INFO] [xaero.lib.XaeroLib/]: Loading primary common config for channel xaerolib:main!
[13sep2026 11:46:27.909] [modloading-worker-0/INFO] [xaero.lib.XaeroLib/]: Loading server config profiles for channel xaerolib:main!
[13sep2026 11:46:27.915] [modloading-worker-0/INFO] [xaero.lib.XaeroLib/]: Loading primary client config for channel xaerolib:main!
[13sep2026 11:46:27.920] [modloading-worker-0/INFO] [xaero.lib.XaeroLib/]: Loading client config profiles for channel xaerolib:main!
[13sep2026 11:46:27.932] [modloading-worker-0/WARN] [mixin/]: Discarding @Unique public method rotate in copycats-neoforge.mixins.json:foundation.copycat.CopycatBlockMixin from mod copycats because it already exists in com.copycatsplus.copycats.content.copycat.fence.CopycatFenceBlock
[13sep2026 11:46:27.932] [modloading-worker-0/WARN] [mixin/]: Discarding @Unique public method mirror in copycats-neoforge.mixins.json:foundation.copycat.CopycatBlockMixin from mod copycats because it already exists in com.copycatsplus.copycats.content.copycat.fence.CopycatFenceBlock
[13sep2026 11:46:27.932] [modloading-worker-0/WARN] [mixin/]: Discarding @Unique public method useItemOn in copycats-neoforge.mixins.json:foundation.copycat.CopycatBlockMixin from mod copycats because it already exists in com.copycatsplus.copycats.content.copycat.fence.CopycatFenceBlock
[13sep2026 11:46:27.932] [modloading-worker-0/WARN] [mixin/]: Discarding @Unique public method useWithoutItem in copycats-neoforge.mixins.json:foundation.copycat.CopycatBlockMixin from mod copycats because it already exists in com.copycatsplus.copycats.content.copycat.fence.CopycatFenceBlock
[13sep2026 11:46:27.945] [modloading-worker-0/INFO] [com.happysg.radar.CreateRadar/]: Registering blocks!
[13sep2026 11:46:27.947] [modloading-worker-0/WARN] [mixin/]: Discarding @Unique public method rotate in copycats-neoforge.mixins.json:foundation.copycat.CopycatBlockMixin from mod copycats because it already exists in com.copycatsplus.copycats.content.copycat.fence_gate.CopycatFenceGateBlock
[13sep2026 11:46:27.947] [modloading-worker-0/WARN] [mixin/]: Discarding @Unique public method mirror in copycats-neoforge.mixins.json:foundation.copycat.CopycatBlockMixin from mod copycats because it already exists in com.copycatsplus.copycats.content.copycat.fence_gate.CopycatFenceGateBlock
[13sep2026 11:46:27.947] [modloading-worker-0/WARN] [mixin/]: Discarding @Unique public method useItemOn in copycats-neoforge.mixins.json:foundation.copycat.CopycatBlockMixin from mod copycats because it already exists in com.copycatsplus.copycats.content.copycat.fence_gate.CopycatFenceGateBlock
[13sep2026 11:46:27.947] [modloading-worker-0/WARN] [mixin/]: Discarding @Unique public method useWithoutItem in copycats-neoforge.mixins.json:foundation.copycat.CopycatBlockMixin from mod copycats because it already exists in com.copycatsplus.copycats.content.copycat.fence_gate.CopycatFenceGateBlock
[13sep2026 11:46:27.996] [modloading-worker-0/WARN] [mixin/]: Discarding @Unique public method rotate in copycats-neoforge.mixins.json:foundation.copycat.CopycatBlockMixin from mod copycats because it already exists in com.copycatsplus.copycats.content.copycat.ladder.CopycatLadderBlock
[13sep2026 11:46:27.996] [modloading-worker-0/WARN] [mixin/]: Discarding @Unique public method mirror in copycats-neoforge.mixins.json:foundation.copycat.CopycatBlockMixin from mod copycats because it already exists in com.copycatsplus.copycats.content.copycat.ladder.CopycatLadderBlock
[13sep2026 11:46:27.996] [modloading-worker-0/WARN] [mixin/]: Discarding @Unique public method useItemOn in copycats-neoforge.mixins.json:foundation.copycat.CopycatBlockMixin from mod copycats because it already exists in com.copycatsplus.copycats.content.copycat.ladder.CopycatLadderBlock
[13sep2026 11:46:27.996] [modloading-worker-0/WARN] [mixin/]: Discarding @Unique public method useWithoutItem in copycats-neoforge.mixins.json:foundation.copycat.CopycatBlockMixin from mod copycats because it already exists in com.copycatsplus.copycats.content.copycat.ladder.CopycatLadderBlock
[13sep2026 11:46:28.001] [modloading-worker-0/INFO] [com.happysg.radar.CreateRadar/]: Registering block entity types!
[13sep2026 11:46:28.006] [modloading-worker-0/INFO] [com.happysg.radar.CreateRadar/]: Registering CreativeTabs!
[13sep2026 11:46:28.007] [modloading-worker-0/INFO] [com.happysg.radar.CreateRadar/]: Registering Lang!
[13sep2026 11:46:28.014] [modloading-worker-0/WARN] [mixin/]: Discarding @Unique public method rotate in copycats-neoforge.mixins.json:foundation.copycat.CopycatBlockMixin from mod copycats because it already exists in com.copycatsplus.copycats.content.copycat.pressure_plate.CopycatPressurePlateBlock
[13sep2026 11:46:28.014] [modloading-worker-0/WARN] [mixin/]: Discarding @Unique public method mirror in copycats-neoforge.mixins.json:foundation.copycat.CopycatBlockMixin from mod copycats because it already exists in com.copycatsplus.copycats.content.copycat.pressure_plate.CopycatPressurePlateBlock
[13sep2026 11:46:28.014] [modloading-worker-0/WARN] [mixin/]: Discarding @Unique public method useItemOn in copycats-neoforge.mixins.json:foundation.copycat.CopycatBlockMixin from mod copycats because it already exists in com.copycatsplus.copycats.content.copycat.pressure_plate.CopycatPressurePlateBlock
[13sep2026 11:46:28.014] [modloading-worker-0/WARN] [mixin/]: Discarding @Unique public method useWithoutItem in copycats-neoforge.mixins.json:foundation.copycat.CopycatBlockMixin from mod copycats because it already exists in com.copycatsplus.copycats.content.copycat.pressure_plate.CopycatPressurePlateBlock
[13sep2026 11:46:28.025] [modloading-worker-0/INFO] [com.happysg.radar.CreateRadar/]: Registering Peripherals!
[13sep2026 11:46:28.026] [modloading-worker-0/WARN] [mixin/]: Discarding @Unique public method rotate in copycats-neoforge.mixins.json:foundation.copycat.CopycatBlockMixin from mod copycats because it already exists in com.copycatsplus.copycats.content.copycat.pressure_plate.CopycatWeightedPressurePlate
[13sep2026 11:46:28.026] [modloading-worker-0/WARN] [mixin/]: Discarding @Unique public method mirror in copycats-neoforge.mixins.json:foundation.copycat.CopycatBlockMixin from mod copycats because it already exists in com.copycatsplus.copycats.content.copycat.pressure_plate.CopycatWeightedPressurePlate
[13sep2026 11:46:28.026] [modloading-worker-0/WARN] [mixin/]: Discarding @Unique public method useItemOn in copycats-neoforge.mixins.json:foundation.copycat.CopycatBlockMixin from mod copycats because it already exists in com.copycatsplus.copycats.content.copycat.pressure_plate.CopycatWeightedPressurePlate
[13sep2026 11:46:28.026] [modloading-worker-0/WARN] [mixin/]: Discarding @Unique public method useWithoutItem in copycats-neoforge.mixins.json:foundation.copycat.CopycatBlockMixin from mod copycats because it already exists in com.copycatsplus.copycats.content.copycat.pressure_plate.CopycatWeightedPressurePlate
[13sep2026 11:46:28.031] [modloading-worker-0/INFO] [com.axperty.cratedelight.CrateDelight/]: Crate Delight loaded
[13sep2026 11:46:28.050] [modloading-worker-0/WARN] [mixin/]: Discarding @Unique public method rotate in copycats-neoforge.mixins.json:foundation.copycat.CopycatBlockMixin from mod copycats because it already exists in com.copycatsplus.copycats.content.copycat.stairs.CopycatStairsBlock
[13sep2026 11:46:28.050] [modloading-worker-0/WARN] [mixin/]: Discarding @Unique public method mirror in copycats-neoforge.mixins.json:foundation.copycat.CopycatBlockMixin from mod copycats because it already exists in com.copycatsplus.copycats.content.copycat.stairs.CopycatStairsBlock
[13sep2026 11:46:28.050] [modloading-worker-0/WARN] [mixin/]: Discarding @Unique public method useItemOn in copycats-neoforge.mixins.json:foundation.copycat.CopycatBlockMixin from mod copycats because it already exists in com.copycatsplus.copycats.content.copycat.stairs.CopycatStairsBlock
[13sep2026 11:46:28.050] [modloading-worker-0/WARN] [mixin/]: Discarding @Unique public method useWithoutItem in copycats-neoforge.mixins.json:foundation.copycat.CopycatBlockMixin from mod copycats because it already exists in com.copycatsplus.copycats.content.copycat.stairs.CopycatStairsBlock
[13sep2026 11:46:28.090] [modloading-worker-0/WARN] [mixin/]: Discarding @Unique public method rotate in copycats-neoforge.mixins.json:foundation.copycat.CopycatBlockMixin from mod copycats because it already exists in com.copycatsplus.copycats.content.copycat.trapdoor.CopycatTrapdoorBlock
[13sep2026 11:46:28.090] [modloading-worker-0/WARN] [mixin/]: Discarding @Unique public method mirror in copycats-neoforge.mixins.json:foundation.copycat.CopycatBlockMixin from mod copycats because it already exists in com.copycatsplus.copycats.content.copycat.trapdoor.CopycatTrapdoorBlock
[13sep2026 11:46:28.090] [modloading-worker-0/WARN] [mixin/]: Discarding @Unique public method useItemOn in copycats-neoforge.mixins.json:foundation.copycat.CopycatBlockMixin from mod copycats because it already exists in com.copycatsplus.copycats.content.copycat.trapdoor.CopycatTrapdoorBlock
[13sep2026 11:46:28.090] [modloading-worker-0/WARN] [mixin/]: Discarding @Unique public method useWithoutItem in copycats-neoforge.mixins.json:foundation.copycat.CopycatBlockMixin from mod copycats because it already exists in com.copycatsplus.copycats.content.copycat.trapdoor.CopycatTrapdoorBlock
[13sep2026 11:46:28.117] [modloading-worker-0/WARN] [mixin/]: Discarding @Unique public method rotate in copycats-neoforge.mixins.json:foundation.copycat.CopycatBlockMixin from mod copycats because it already exists in com.copycatsplus.copycats.content.copycat.wall.CopycatWallBlock
[13sep2026 11:46:28.117] [modloading-worker-0/WARN] [mixin/]: Discarding @Unique public method mirror in copycats-neoforge.mixins.json:foundation.copycat.CopycatBlockMixin from mod copycats because it already exists in com.copycatsplus.copycats.content.copycat.wall.CopycatWallBlock
[13sep2026 11:46:28.117] [modloading-worker-0/WARN] [mixin/]: Discarding @Unique public method useItemOn in copycats-neoforge.mixins.json:foundation.copycat.CopycatBlockMixin from mod copycats because it already exists in com.copycatsplus.copycats.content.copycat.wall.CopycatWallBlock
[13sep2026 11:46:28.117] [modloading-worker-0/WARN] [mixin/]: Discarding @Unique public method useWithoutItem in copycats-neoforge.mixins.json:foundation.copycat.CopycatBlockMixin from mod copycats because it already exists in com.copycatsplus.copycats.content.copycat.wall.CopycatWallBlock
[13sep2026 11:46:28.132] [modloading-worker-0/INFO] [glitchcore/]: Registered synced config with path sereneseasons/fertility.toml
[13sep2026 11:46:28.132] [modloading-worker-0/INFO] [glitchcore/]: Registered synced config with path sereneseasons/seasons.toml
[13sep2026 11:46:28.159] [modloading-worker-0/WARN] [mixin/]: Discarding @Unique public method rotate in copycats-neoforge.mixins.json:foundation.copycat.CopycatBlockMixin from mod copycats because it already exists in com.copycatsplus.copycats.content.copycat.shaft.CopycatShaftBlock
[13sep2026 11:46:28.159] [modloading-worker-0/WARN] [mixin/]: Discarding @Unique public method mirror in copycats-neoforge.mixins.json:foundation.copycat.CopycatBlockMixin from mod copycats because it already exists in com.copycatsplus.copycats.content.copycat.shaft.CopycatShaftBlock
[13sep2026 11:46:28.159] [modloading-worker-0/WARN] [mixin/]: Discarding @Unique public method useItemOn in copycats-neoforge.mixins.json:foundation.copycat.CopycatBlockMixin from mod copycats because it already exists in com.copycatsplus.copycats.content.copycat.shaft.CopycatShaftBlock
[13sep2026 11:46:28.159] [modloading-worker-0/WARN] [mixin/]: Discarding @Unique public method useWithoutItem in copycats-neoforge.mixins.json:foundation.copycat.CopycatBlockMixin from mod copycats because it already exists in com.copycatsplus.copycats.content.copycat.shaft.CopycatShaftBlock
[13sep2026 11:46:28.177] [modloading-worker-0/WARN] [mixin/]: Discarding @Unique public method rotate in copycats-neoforge.mixins.json:foundation.copycat.multistate.MultiStateCopycatBlockMixin from mod copycats because it already exists in com.copycatsplus.copycats.content.copycat.cogwheel.CopycatCogWheelBlock
[13sep2026 11:46:28.177] [modloading-worker-0/WARN] [mixin/]: Discarding @Unique public method mirror in copycats-neoforge.mixins.json:foundation.copycat.multistate.MultiStateCopycatBlockMixin from mod copycats because it already exists in com.copycatsplus.copycats.content.copycat.cogwheel.CopycatCogWheelBlock
[13sep2026 11:46:28.177] [modloading-worker-0/WARN] [mixin/]: Discarding @Unique public method useItemOn in copycats-neoforge.mixins.json:foundation.copycat.multistate.MultiStateCopycatBlockMixin from mod copycats because it already exists in com.copycatsplus.copycats.content.copycat.cogwheel.CopycatCogWheelBlock
[13sep2026 11:46:28.177] [modloading-worker-0/WARN] [mixin/]: Discarding @Unique public method useWithoutItem in copycats-neoforge.mixins.json:foundation.copycat.multistate.MultiStateCopycatBlockMixin from mod copycats because it already exists in com.copycatsplus.copycats.content.copycat.cogwheel.CopycatCogWheelBlock
[13sep2026 11:46:28.194] [modloading-worker-0/WARN] [mixin/]: Discarding @Unique public method rotate in copycats-neoforge.mixins.json:foundation.copycat.CopycatBlockMixin from mod copycats because it already exists in com.copycatsplus.copycats.content.copycat.fluid_pipe.CopycatFluidPipeBlock
[13sep2026 11:46:28.194] [modloading-worker-0/WARN] [mixin/]: Discarding @Unique public method mirror in copycats-neoforge.mixins.json:foundation.copycat.CopycatBlockMixin from mod copycats because it already exists in com.copycatsplus.copycats.content.copycat.fluid_pipe.CopycatFluidPipeBlock
[13sep2026 11:46:28.194] [modloading-worker-0/WARN] [mixin/]: Discarding @Unique public method useItemOn in copycats-neoforge.mixins.json:foundation.copycat.CopycatBlockMixin from mod copycats because it already exists in com.copycatsplus.copycats.content.copycat.fluid_pipe.CopycatFluidPipeBlock
[13sep2026 11:46:28.194] [modloading-worker-0/WARN] [mixin/]: Discarding @Unique public method useWithoutItem in copycats-neoforge.mixins.json:foundation.copycat.CopycatBlockMixin from mod copycats because it already exists in com.copycatsplus.copycats.content.copycat.fluid_pipe.CopycatFluidPipeBlock
[13sep2026 11:46:28.210] [modloading-worker-0/WARN] [mixin/]: Discarding @Unique public method rotate in copycats-neoforge.mixins.json:foundation.copycat.CopycatBlockMixin from mod copycats because it already exists in com.copycatsplus.copycats.content.copycat.pane.CopycatPaneBlock
[13sep2026 11:46:28.210] [modloading-worker-0/WARN] [mixin/]: Discarding @Unique public method mirror in copycats-neoforge.mixins.json:foundation.copycat.CopycatBlockMixin from mod copycats because it already exists in com.copycatsplus.copycats.content.copycat.pane.CopycatPaneBlock
[13sep2026 11:46:28.210] [modloading-worker-0/WARN] [mixin/]: Discarding @Unique public method useItemOn in copycats-neoforge.mixins.json:foundation.copycat.CopycatBlockMixin from mod copycats because it already exists in com.copycatsplus.copycats.content.copycat.pane.CopycatPaneBlock
[13sep2026 11:46:28.210] [modloading-worker-0/WARN] [mixin/]: Discarding @Unique public method useWithoutItem in copycats-neoforge.mixins.json:foundation.copycat.CopycatBlockMixin from mod copycats because it already exists in com.copycatsplus.copycats.content.copycat.pane.CopycatPaneBlock
[13sep2026 11:46:28.254] [modloading-worker-0/WARN] [mixin/]: Discarding @Unique public method onLoad in copycats-neoforge.mixins.json:foundation.copycat.CopycatBlockEntityMixin from mod copycats because it already exists in com.copycatsplus.copycats.foundation.copycat.CCCopycatBlockEntity
[13sep2026 11:46:28.261] [modloading-worker-0/WARN] [mixin/]: Discarding @Unique public method onLoad in copycats-neoforge.mixins.json:foundation.copycat.multistate.MultiStateCopycatBlockEntityMixin from mod copycats because it already exists in com.copycatsplus.copycats.foundation.copycat.multistate.MultiStateCopycatBlockEntity
[13sep2026 11:46:28.273] [modloading-worker-0/WARN] [mixin/]: Discarding @Unique public method onLoad in copycats-neoforge.mixins.json:foundation.copycat.CopycatBlockEntityMixin from mod copycats because it already exists in com.copycatsplus.copycats.content.copycat.shaft.CopycatShaftBlockEntity
[13sep2026 11:46:28.284] [modloading-worker-0/WARN] [mixin/]: Discarding @Unique public method onLoad in copycats-neoforge.mixins.json:foundation.copycat.multistate.MultiStateCopycatBlockEntityMixin from mod copycats because it already exists in com.copycatsplus.copycats.content.copycat.cogwheel.CopycatCogWheelBlockEntity
[13sep2026 11:46:28.287] [modloading-worker-0/WARN] [mixin/]: Discarding @Unique public method onLoad in copycats-neoforge.mixins.json:foundation.copycat.CopycatBlockEntityMixin from mod copycats because it already exists in com.copycatsplus.copycats.content.copycat.fluid_pipe.CopycatFluidPipeBlockEntity
[13sep2026 11:46:28.292] [modloading-worker-0/WARN] [mixin/]: Discarding @Unique public method onLoad in copycats-neoforge.mixins.json:foundation.copycat.CopycatBlockEntityMixin from mod copycats because it already exists in com.copycatsplus.copycats.content.copycat.fluid_pipe.CopycatStraightPipeBlockEntity
[13sep2026 11:46:28.298] [modloading-worker-0/WARN] [mixin/]: Discarding @Unique public method onLoad in copycats-neoforge.mixins.json:foundation.copycat.CopycatBlockEntityMixin from mod copycats because it already exists in com.copycatsplus.copycats.content.copycat.sliding_door.CopycatSlidingDoorBlockEntity
[13sep2026 11:46:28.351] [modloading-worker-0/INFO] [Mekanism Unleashed/]: Mekanism Unleashed is loaded, some things may differ from base Mekanism.
[13sep2026 11:46:28.471] [modloading-worker-0/INFO] [dev.devce.rocketnautics.RocketNautics/]: Initializing Cosmonautics!
[13sep2026 11:46:28.592] [modloading-worker-0/INFO] [xaero.hud.minimap.MinimapLogs/]: Xaero's Minimap: World Map found!
[13sep2026 11:46:28.593] [modloading-worker-0/INFO] [xaero.hud.minimap.MinimapLogs/]: No Optifine!
[13sep2026 11:46:28.593] [modloading-worker-0/INFO] [xaero.hud.minimap.MinimapLogs/]: Xaero's Minimap: No Vivecraft!
[13sep2026 11:46:28.630] [modloading-worker-0/INFO] [xaero.hud.minimap.MinimapLogs/]: Xaero's Minimap: Framed Blocks found!
[13sep2026 11:46:28.630] [modloading-worker-0/INFO] [xaero.hud.minimap.MinimapLogs/]: Xaero's Minimap: Iris found!
[13sep2026 11:46:28.663] [modloading-worker-0/INFO] [xaero.common.HudMod/]: Registering common data for channel xaerominimap:main!
[13sep2026 11:46:28.712] [modloading-worker-0/INFO] [xaero.common.HudMod/]: Registering client data for channel xaerominimap:main!
[13sep2026 11:46:28.740] [modloading-worker-0/WARN] [mixin/]: Discarding @Unique public method useItemOn in copycats-common.mixins.json:copycat.step.CopycatStepBlockMixin from mod copycats because it already exists in com.simibubi.create.content.decoration.copycat.CopycatStepBlock
[13sep2026 11:46:28.751] [modloading-worker-0/WARN] [mixin/]: Discarding @Unique public method onLoad in copycats-common.mixins.json:foundation.copycat.CopycatBlockEntityMixin from mod copycats because it already exists in com.simibubi.create.content.decoration.copycat.CopycatBlockEntity
[13sep2026 11:46:28.755] [modloading-worker-0/INFO] [xaero.common.HudMod/]: Loading primary common config for channel xaerominimap:main!
[13sep2026 11:46:28.757] [modloading-worker-0/WARN] [mixin/]: Discarding @Unique public method useItemOn in copycats-common.mixins.json:copycat.panel.CopycatPanelBlockMixin from mod copycats because it already exists in com.simibubi.create.content.decoration.copycat.CopycatPanelBlock
[13sep2026 11:46:28.757] [modloading-worker-0/WARN] [mixin/]: Discarding @Unique public method mirror in copycats-common.mixins.json:copycat.panel.CopycatPanelBlockMixin from mod copycats because it already exists in com.simibubi.create.content.decoration.copycat.CopycatPanelBlock
[13sep2026 11:46:28.757] [modloading-worker-0/WARN] [mixin/]: Discarding @Unique public method rotate in copycats-common.mixins.json:copycat.panel.CopycatPanelBlockMixin from mod copycats because it already exists in com.simibubi.create.content.decoration.copycat.CopycatPanelBlock
[13sep2026 11:46:28.760] [modloading-worker-0/INFO] [xaero.common.HudMod/]: Loading server config profiles for channel xaerominimap:main!
[13sep2026 11:46:28.766] [modloading-worker-0/INFO] [xaero.common.HudMod/]: Loading primary client config for channel xaerominimap:main!
[13sep2026 11:46:28.778] [modloading-worker-0/INFO] [xaero.common.HudMod/]: Loading client config profiles for channel xaerominimap:main!
[13sep2026 11:46:28.791] [modloading-worker-0/INFO] [dev.devce.rocketnautics.registry.NodeDefinitionLoader/]: [NodeDefinitionLoader] Registered 57 data-driven nodes.
[13sep2026 11:46:28.830] [modloading-worker-0/INFO] [DragonLib Networking System/]: Registering S2C network packet of type SEND with id 'delete_wire_connection' in 'wiresapi:network'.
[13sep2026 11:46:28.831] [modloading-worker-0/INFO] [DragonLib Networking System/]: Registering S2C network packet of type SEND with id 'connection_chunk_unloading' in 'wiresapi:network'.
[13sep2026 11:46:28.832] [modloading-worker-0/INFO] [DragonLib Networking System/]: Registering S2C network packet of type SEND with id 'wire_connector_data' in 'wiresapi:network'.
[13sep2026 11:46:28.834] [modloading-worker-0/INFO] [DragonLib Networking System/]: Registering C2S network packet of type SEND with id 'wire_interaction' in 'wiresapi:network'.
[13sep2026 11:46:29.160] [modloading-worker-0/INFO] [DragonLib Networking System/]: Registering C2S network packet of type SEND with id 'clear_wire_connection' in 'pantographsandwires:network'.
[13sep2026 11:46:29.162] [modloading-worker-0/INFO] [DragonLib Networking System/]: Registering C2S network packet of type SEND with id 'update_cantilever_settings' in 'pantographsandwires:network'.
[13sep2026 11:46:29.168] [modloading-worker-0/INFO] [DragonLib Networking System/]: Registering C2S network packet of type SEND with id 'update_wire_settings' in 'pantographsandwires:network'.
[13sep2026 11:46:29.228] [modloading-worker-0/INFO] [com.simibubi.create.Create/]: Create 6.0.10 initializing! Commit hash: ac0c444d9828da3453ae8cc65338e8de063286fb
[13sep2026 11:46:29.243] [modloading-worker-0/INFO] [DragonLib Networking System/]: Registering C2S network packet of type SEND with id 'update_writable_sign' in 'dragonlib:network'.
[13sep2026 11:46:29.255] [modloading-worker-0/INFO] [DragonLib Networking System/]: Registering C2S network packet of type SEND with id 'string_message' in 'dragonlib:network_test'.
[13sep2026 11:46:29.256] [modloading-worker-0/INFO] [DragonLib Networking System/]: Registering C2S network packet of type SEND_AND_RECEIVE with id 'test_msg' in 'dragonlib:network_test'.
[13sep2026 11:46:29.273] [modloading-worker-0/INFO] [DragonLib/]: Starting the setup of DragonLib...
[13sep2026 11:46:29.284] [Drogon/INFO] [DragonLib/]:                              +++ 🐉 +++                             
[13sep2026 11:46:29.287] [Drogon/INFO] [DragonLib/]: ---------------------------------------------------------------------
[13sep2026 11:46:29.287] [Drogon/INFO] [DragonLib/]:           Loaded DragonLib v1.21.1-beta-3.0.28 by MrJulsen!          
[13sep2026 11:46:29.287] [Drogon/INFO] [DragonLib/]:               Minecraft NeoForge Client 1.21.1-21.1.250              
[13sep2026 11:46:29.287] [Drogon/INFO] [DragonLib/]: 
[13sep2026 11:46:29.287] [Drogon/INFO] [DragonLib/]:                 Discord: https://discord.mrjulsen.net                
[13sep2026 11:46:29.287] [Drogon/INFO] [DragonLib/]:                        Documentation: unknown                       
[13sep2026 11:46:29.287] [Drogon/INFO] [DragonLib/]:   Bug Reports: https://github.com/MisterJulsen/MC-DragonLib2/issues  
[13sep2026 11:46:29.287] [Drogon/INFO] [DragonLib/]: ---------------------------------------------------------------------
[13sep2026 11:46:29.287] [Drogon/INFO] [DragonLib/]:                              +++ 🐉 +++                             
[13sep2026 11:46:29.346] [modloading-worker-0/INFO] [DragonLib Networking System/]: Registering C2S network packet of type SEND with id 'send_platform_packet' in 'trainutilities:trainutilities_network'.
[13sep2026 11:46:29.349] [modloading-worker-0/INFO] [DragonLib Networking System/]: Registering C2S network packet of type SEND with id 'send_change_door_sound_packet' in 'trainutilities:trainutilities_network'.
[13sep2026 11:46:29.540] [modloading-worker-0/INFO] [thedarkcolour.kotlinforforge.neoforge.test.KotlinForForge/]: Kotlin For Forge Enabled!
[13sep2026 11:46:29.691] [modloading-worker-0/INFO] [org.patryk3211.powergrid.PowerGrid/]: Power grid starting, prepare to be electrocuted
[13sep2026 11:46:29.716] [modloading-worker-0/INFO] [org.patryk3211.powergrid.PowerGrid/]: Native backend loaded successfully
[13sep2026 11:46:31.026] [modloading-worker-0/INFO] [Create: Interiors/]: Create: Interiors v0.6.1 initializing! Create version: 6.0.10 on platform: NeoForge
[13sep2026 11:46:31.097] [modloading-worker-0/INFO] [dev.ryanhcode.sable.Sable/]: Sable loaded!
[13sep2026 11:46:31.101] [modloading-worker-0/INFO] [com.powerplantgrid.PowerPlantGrid/]: [powerplantgrid] Powerplantgrid loaded (release edition) — addon for Create: Power Grid.
[13sep2026 11:46:31.116] [modloading-worker-0/INFO] [dev.averageanime.neoforge.CreateFood/]: Create: Food - Registering Items
[13sep2026 11:46:31.120] [modloading-worker-0/WARN] [dev.ryanhcode.sable.Sable/]: NOTE: Sable is loaded with Flywheel. Sable contains extensive shader overrides and a full light-storage replacement. Expect this to cause compatibility issues. If issues arise, please report them to the Sable issue tracker (https://github.com/ryanhcode/sable/issues) instead of the Flywheel issue tracker.
[13sep2026 11:46:31.121] [modloading-worker-0/INFO] [com.lowtierchud.aeroradar.CreateAeroRadar/]: Initializing Create Aero Radar
[13sep2026 11:46:31.183] [modloading-worker-0/INFO] [com.lowtierchud.aeroradar.CreateAeroRadar/]: Registering Creative Tabs!
[13sep2026 11:46:31.492] [modloading-worker-0/INFO] [dev.averageanime.neoforge.CreateFood/]: Create: Food - Registering Fluids
[13sep2026 11:46:31.499] [modloading-worker-0/INFO] [dev.averageanime.neoforge.CreateFood/]: Create: Food - Registering Blocks
[13sep2026 11:46:31.508] [modloading-worker-0/INFO] [dev.averageanime.neoforge.CreateFood/]: Create: Food - Registering Display Blocks
[13sep2026 11:46:31.523] [modloading-worker-0/INFO] [dev.averageanime.neoforge.CreateFood/]: Create: Food - Registering Creative Tabs (Items + Fluids)
[13sep2026 11:46:31.524] [modloading-worker-0/INFO] [dev.averageanime.neoforge.CreateFood/]: Create: Food - Registering Creative Tabs (Display Blocks)
[13sep2026 11:46:31.669] [modloading-sync-worker/INFO] [Cold Sweat/]: Gathering Cold Sweat registries
[13sep2026 11:46:31.669] [modloading-sync-worker/INFO] [Cold Sweat/]: The event bus was started early to gather Cold Sweat registries; it will now be stopped again until the correct loading phase.
[13sep2026 11:46:32.903] [modloading-sync-worker/WARN] [net.neoforged.fml.DeferredWorkQueue/LOADING]: Mod 'cold_sweat' took 1.226 s to run a deferred task.
[13sep2026 11:46:59.385] [Render thread/INFO] [Veil/]: GL Debug supported
[13sep2026 11:46:59.423] [Render thread/INFO] [Sodium/]: Block minecraft:birch_leaves had its color provider replaced with sereneseasons.init.ModClient$$Lambda/0x000000080394a440@596690e5 and will not use per-vertex coloring
[13sep2026 11:46:59.423] [Render thread/INFO] [com.github.alexmodguy.alexscaves.AlexsCaves/]: loaded in block colorizer
[13sep2026 11:46:59.430] [Render thread/INFO] [Sodium/]: Block securitycraft:reinforced_dispenser had its color provider replaced with net.geforcemods.securitycraft.ClientHandler$$Lambda/0x0000000803950440@27561cd2 and will not use per-vertex coloring
[13sep2026 11:46:59.430] [Render thread/INFO] [Sodium/]: Block securitycraft:reinforced_dropper had its color provider replaced with net.geforcemods.securitycraft.ClientHandler$$Lambda/0x0000000803950440@27561cd2 and will not use per-vertex coloring
[13sep2026 11:46:59.430] [Render thread/INFO] [Sodium/]: Block securitycraft:reinforced_hopper had its color provider replaced with net.geforcemods.securitycraft.ClientHandler$$Lambda/0x0000000803950440@27561cd2 and will not use per-vertex coloring
[13sep2026 11:46:59.430] [Render thread/INFO] [Sodium/]: Block securitycraft:reinforced_observer had its color provider replaced with net.geforcemods.securitycraft.ClientHandler$$Lambda/0x0000000803950440@27561cd2 and will not use per-vertex coloring
[13sep2026 11:46:59.432] [Render thread/INFO] [Sodium/]: Block securitycraft:reinforced_grass_block had its color provider replaced with net.geforcemods.securitycraft.ClientHandler$$Lambda/0x0000000803950650@14eae244 and will not use per-vertex coloring
[13sep2026 11:46:59.432] [Render thread/INFO] [Sodium/]: Block securitycraft:reinforced_water_cauldron had its color provider replaced with net.geforcemods.securitycraft.ClientHandler$$Lambda/0x0000000803950860@79658fe5 and will not use per-vertex coloring
[13sep2026 11:46:59.455] [Render thread/INFO] [com.github.alexmodguy.alexscaves.AlexsCaves/]: loaded in item colorizer
[13sep2026 11:46:59.852] [Render thread/INFO] [Iris/]: Hardware information:
[13sep2026 11:46:59.852] [Render thread/INFO] [Iris/]: CPU: 12x AMD Ryzen 5 240 w/ Radeon 760M Graphics 
[13sep2026 11:46:59.853] [Render thread/INFO] [Iris/]: GPU: NVIDIA GeForce RTX 5060 Laptop GPU/PCIe/SSE2 (Supports OpenGL 4.6.0 NVIDIA 610.47)
[13sep2026 11:46:59.853] [Render thread/INFO] [Iris/]: OS: Windows 10 (10.0)
[13sep2026 11:47:01.365] [Render thread/INFO] [unionlib/]: Initializing mod on client: survive
[13sep2026 11:47:01.365] [Render thread/INFO] [unionlib/]: Initializing mod on client: unionlib
[13sep2026 11:47:01.371] [Render thread/INFO] [net.minecraft.server.packs.resources.ReloadableResourceManager/]: Reloading ResourceManager: vanilla, mod_resources, mod/sodium, mod/fabric_renderer_api_v1, mod/unionlib,unionlib_potionfluid, mod/sodium_extra, mod/createdeco, mod/azimuth, mod/placeholder_api, mod/create_security, mod/aeronautics_bundled, mod/apollib, mod/mcwwindows, mod/sophisticatedcore, mod/create_cyber_goggles, mod/ritchiesprojectilelib, mod/xaeroworldmap, mod/neoforge, mod/citadel, mod/fabric_block_view_api_v2, mod/mcwstairs, mod/iris, mod/veil, mod/storagedelight, mod/sophisticatedbackpacks, mod/simulated, mod/ends_delight, mod/createdieselgenerators, mod/mcwdoors, mod/midgard, mod/cloth_config, mod/struts, mod/mcwbridges, mod/farmersdelight, mod/mcwtrpdoors, mod/mcwfences, mod/noisium, mod/survive, mod/create_hypertube, mod/rusticdelight, mod/mcwroofs, mod/computercraft, mod/mcwfurnitures, mod/transition, mod/refurbished_furniture, mod/fabric_rendering_data_attachment_v1, mod/framework, mod/effortlessbuilding, mod/mcwlights, mod/createnuclear, mod/createbigcannons, mod/rice_delight, mod/culturaldelights, mod/copycats, mod/lithostitched, mod/veggiesdelight, mod/lithium, mod/aeronautics, mod/xaerolib, mod/trender, mod/mcwpaintings, mod/naturescompass, mod/epherolib, mod/glitchcore, mod/sereneseasons, mod/distanthorizons, mod/cratedelight, mod/moderntrainparts, mod/ramadandelight, mod/mod_menu, mod/offroad, mod/mcwpaths, mod/tectonic, mod/aquaculturedelight, mod/create_ultimate_factory, mod/treeplacer, mod/alexscaves, mod/mekanism_unleashed, mod/mekanism, mod/mekanismgenerators, mod/mekanismadditions, mod/mekanismtools, mod/fabric_api_base, mod/immersiveengineering, mod/l2harvester, mod/displaydelight, mod/croptopiadelight, mod/ohthetreesyoullgrow, mod/forgeconfigapiport, mod/kotlinforforge, mod/rocketnautics,dimensional_sable, mod/sablecompanion, mod/flywheel, mod/ponder, mod/xaerominimap, mod/croptopia, mod/securitycraft, mod/l2core, mod/entityculling, mod/create_radar, mod/pantographsandwires, mod/geckolib, mod/create, mod/interiors, mod/framedblocks, mod/dndesires, mod/dragonlib, mod/trainutilities, mod/architectury, mod/powergrid, mod/powerplantgrid, mod/sable, mod/morepropulsion, mod/linearbearing, mod/aeroworks, mod/create_aero_radar, mod/immediatelyfast, mod/electroenergetics, mod/createinteroperable, mod/computercraft_cee_addon, mod/oceansdelight, mod/appleskin, mod/ferritecore, mod/tracks, mod/fastfooddelight, mod/cold_sweat, mod/aquaculture, mod/extra_copycats, mod/create_train_parts, mod/fruitsdelight, mod/farmers_croptopia, mod/createthrusters, mod/createfood
[13sep2026 11:47:01.374] [Render thread/WARN] [net.minecraft.server.packs.PathPackResources/]: Non [a-z0-9_.-] character in namespace LICENSE in pack , ignoring
[13sep2026 11:47:01.386] [Render thread/WARN] [net.minecraft.server.packs.PathPackResources/]: Non [a-z0-9_.-] character in namespace LICENSE in pack , ignoring
[13sep2026 11:47:01.416] [Worker-Main-7/INFO] [xaero.lib.XaeroLib/]: Loading XaeroLib common 1/2!
[13sep2026 11:47:01.421] [Worker-Main-2/INFO] [mekanism.common.Mekanism/]: Version 10.7.19 initializing...
[13sep2026 11:47:01.424] [Worker-Main-1/INFO] [dev.devce.rocketnautics.RocketNautics/]: Cosmonautics Setup
[13sep2026 11:47:01.427] [Immersive Engineering Contributors Thread/INFO] [immersiveengineering/]: Attempting to download special revolvers from GitHub
[13sep2026 11:47:01.460] [Worker-Main-1/INFO] [dev.averageanime.neoforge.CreateFood/]: Create: Food - Startup
[13sep2026 11:47:01.465] [Worker-Main-8/INFO] [com.squishy.morepropulsion.MorePropulsion/]: More Propulsion loaded.
[13sep2026 11:47:01.514] [NeoForge Version Check/INFO] [net.neoforged.fml.VersionChecker/]: [unionlib_potionfluid] Starting version check at https://raw.githubusercontent.com/Stereowalker/My-Home-Page/main/update_files/unionlib-potions-fluids.json
[13sep2026 11:47:01.663] [Worker-Main-7/WARN] [net.minecraft.client.sounds.SoundManager/]: File electroenergetics:sounds/train/gto/p7.ogg does not exist, cannot add it to event electroenergetics:train/gto/p7
[13sep2026 11:47:01.663] [Worker-Main-7/WARN] [net.minecraft.client.sounds.SoundManager/]: File electroenergetics:sounds/train/gto/p11.ogg does not exist, cannot add it to event electroenergetics:train/gto/p11
[13sep2026 11:47:01.662] [Worker-Main-5/INFO] [net.minecraft.client.gui.font.providers.UnihexProvider/]: Found unifont_all_no_pua-15.1.05.hex, loading
[13sep2026 11:47:01.711] [Worker-Main-2/INFO] [mekanism.common.Mekanism/]: Initialized HolidayManager.
[13sep2026 11:47:01.732] [Worker-Main-2/INFO] [mekanism.common.Mekanism/]: Fake player readout: UUID = 46e82cd0-d480-3d48-800a-77431ede078e, name = [Mekanism]
[13sep2026 11:47:01.732] [Worker-Main-2/INFO] [mekanism.common.Mekanism/]: Mod loaded.
[13sep2026 11:47:01.732] [Worker-Main-2/INFO] [mekanism.common.Mekanism/]: Loaded 'Mekanism: Tools' module.
[13sep2026 11:47:01.735] [Worker-Main-2/INFO] [mekanism.common.Mekanism/]: Loaded 'Mekanism: Additions' module.
[13sep2026 11:47:01.735] [Worker-Main-2/INFO] [mekanism.common.Mekanism/]: Loaded 'Mekanism: Generators' module.
[13sep2026 11:47:01.735] [Worker-Main-3/ERROR] [net.minecraft.Util/]: Invalid path in pack: createinteroperable:models/block/Bridge Diode.bbmodel, ignoring
[13sep2026 11:47:01.749] [Worker-Main-2/INFO] [net.minecraft.client.gui.font.providers.UnihexProvider/]: Found unifont_jp_patch-15.1.05.hex, loading
[13sep2026 11:47:02.054] [NeoForge Version Check/INFO] [net.neoforged.fml.VersionChecker/]: [unionlib_potionfluid] Found status: BETA Current: 1.0.0 Target: null
[13sep2026 11:47:02.056] [NeoForge Version Check/INFO] [net.neoforged.fml.VersionChecker/]: [mcwwindows] Starting version check at https://raw.githubusercontent.com/sketchmacaw/macawsmods/master/window.json
[13sep2026 11:47:02.081] [NeoForge Version Check/INFO] [net.neoforged.fml.VersionChecker/]: [mcwwindows] Found status: UP_TO_DATE Current: 2.4.2 Target: null
[13sep2026 11:47:02.082] [NeoForge Version Check/INFO] [net.neoforged.fml.VersionChecker/]: [mcwstairs] Starting version check at https://raw.githubusercontent.com/sketchmacaw/macawsmods/master/stairs.json
[13sep2026 11:47:02.115] [NeoForge Version Check/INFO] [net.neoforged.fml.VersionChecker/]: [mcwstairs] Found status: UP_TO_DATE Current: 1.0.2 Target: null
[13sep2026 11:47:02.117] [NeoForge Version Check/INFO] [net.neoforged.fml.VersionChecker/]: [mcwdoors] Starting version check at https://raw.githubusercontent.com/sketchmacaw/macawsmods/master/doors.json
[13sep2026 11:47:02.141] [NeoForge Version Check/INFO] [net.neoforged.fml.VersionChecker/]: [mcwdoors] Found status: AHEAD Current: 1.1.5 Target: null
[13sep2026 11:47:02.141] [NeoForge Version Check/INFO] [net.neoforged.fml.VersionChecker/]: [mcwbridges] Starting version check at https://raw.githubusercontent.com/sketchmacaw/macawsmods/master/bridges.json
[13sep2026 11:47:02.158] [NeoForge Version Check/INFO] [net.neoforged.fml.VersionChecker/]: [mcwbridges] Found status: AHEAD Current: 3.1.2 Target: null
[13sep2026 11:47:02.158] [NeoForge Version Check/INFO] [net.neoforged.fml.VersionChecker/]: [mcwtrpdoors] Starting version check at https://raw.githubusercontent.com/sketchmacaw/macawsmods/master/trapdoors.json
[13sep2026 11:47:02.174] [NeoForge Version Check/INFO] [net.neoforged.fml.VersionChecker/]: [mcwtrpdoors] Found status: UP_TO_DATE Current: 1.1.5 Target: null
[13sep2026 11:47:02.174] [NeoForge Version Check/INFO] [net.neoforged.fml.VersionChecker/]: [mcwfences] Starting version check at https://raw.githubusercontent.com/sketchmacaw/macawsmods/master/fences.json
[13sep2026 11:47:02.196] [NeoForge Version Check/INFO] [net.neoforged.fml.VersionChecker/]: [mcwfences] Found status: UP_TO_DATE Current: 1.2.1 Target: null
[13sep2026 11:47:02.196] [NeoForge Version Check/INFO] [net.neoforged.fml.VersionChecker/]: [unionlib] Starting version check at https://raw.githubusercontent.com/Stereowalker/My-Home-Page/main/update_files/unionlib.json
[13sep2026 11:47:02.220] [NeoForge Version Check/INFO] [net.neoforged.fml.VersionChecker/]: [unionlib] Found status: BETA Current: 13.3 Target: null
[13sep2026 11:47:02.220] [NeoForge Version Check/INFO] [net.neoforged.fml.VersionChecker/]: [mcwroofs] Starting version check at https://raw.githubusercontent.com/sketchmacaw/macawsmods/master/roofs.json
[13sep2026 11:47:02.237] [NeoForge Version Check/INFO] [net.neoforged.fml.VersionChecker/]: [mcwroofs] Found status: UP_TO_DATE Current: 2.3.2 Target: null
[13sep2026 11:47:02.237] [NeoForge Version Check/INFO] [net.neoforged.fml.VersionChecker/]: [computercraft] Starting version check at https://api.modrinth.com/updates/cc-tweaked/forge_updates.json
[13sep2026 11:47:02.448] [NeoForge Version Check/INFO] [net.neoforged.fml.VersionChecker/]: [computercraft] Found status: BETA Current: 1.120.2 Target: null
[13sep2026 11:47:02.448] [NeoForge Version Check/INFO] [net.neoforged.fml.VersionChecker/]: [mcwfurnitures] Starting version check at https://raw.githubusercontent.com/sketchmacaw/macawsmods/master/furniture.json
[13sep2026 11:47:02.614] [NeoForge Version Check/INFO] [net.neoforged.fml.VersionChecker/]: [mcwfurnitures] Found status: UP_TO_DATE Current: 3.4.1 Target: null
[13sep2026 11:47:02.614] [NeoForge Version Check/INFO] [net.neoforged.fml.VersionChecker/]: [mcwlights] Starting version check at https://raw.githubusercontent.com/sketchmacaw/macawsmods/master/lights.json
[13sep2026 11:47:02.626] [Worker-Main-10/ERROR] [net.minecraft.client.resources.model.ModelManager/]: Failed to load blockstate create_radar:blockstates/radome.json from pack mod/create_radar
com.google.gson.JsonParseException: java.io.EOFException: End of input at line 1 column 1 path $
	at TRANSFORMER/minecraft@1.21.1/net.minecraft.util.GsonHelper.fromNullableJson(GsonHelper.java:527) ~[client-1.21.1-20240808.144430-srg.jar%23300!/:?]
	at TRANSFORMER/minecraft@1.21.1/net.minecraft.util.GsonHelper.fromJson(GsonHelper.java:532) ~[client-1.21.1-20240808.144430-srg.jar%23300!/:?]
	at TRANSFORMER/minecraft@1.21.1/net.minecraft.util.GsonHelper.parse(GsonHelper.java:594) ~[client-1.21.1-20240808.144430-srg.jar%23300!/:?]
	at TRANSFORMER/minecraft@1.21.1/net.minecraft.util.GsonHelper.parse(GsonHelper.java:602) ~[client-1.21.1-20240808.144430-srg.jar%23300!/:?]
	at TRANSFORMER/minecraft@1.21.1/net.minecraft.client.resources.model.ModelManager.lambda$loadBlockStates$12(ModelManager.java:180) ~[client-1.21.1-20240808.144430-srg.jar%23300!/:?]
	at java.base/java.util.concurrent.CompletableFuture$AsyncSupply.run(CompletableFuture.java:1768) [?:?]
	at java.base/java.util.concurrent.CompletableFuture$AsyncSupply.exec(CompletableFuture.java:1760) [?:?]
	at java.base/java.util.concurrent.ForkJoinTask.doExec(ForkJoinTask.java:387) [?:?]
	at java.base/java.util.concurrent.ForkJoinPool$WorkQueue.topLevelExec(ForkJoinPool.java:1312) [?:?]
	at java.base/java.util.concurrent.ForkJoinPool.scan(ForkJoinPool.java:1843) [?:?]
	at java.base/java.util.concurrent.ForkJoinPool.runWorker(ForkJoinPool.java:1808) [?:?]
	at java.base/java.util.concurrent.ForkJoinWorkerThread.run(ForkJoinWorkerThread.java:188) [?:?]
Caused by: java.io.EOFException: End of input at line 1 column 1 path $
	at MC-BOOTSTRAP/com.google.gson@2.10.1/com.google.gson.stream.JsonReader.nextNonWhitespace(JsonReader.java:1457) ~[gson-2.10.1.jar%23142!/:?]
	at MC-BOOTSTRAP/com.google.gson@2.10.1/com.google.gson.stream.JsonReader.doPeek(JsonReader.java:558) ~[gson-2.10.1.jar%23142!/:?]
	at MC-BOOTSTRAP/com.google.gson@2.10.1/com.google.gson.stream.JsonReader.peek(JsonReader.java:433) ~[gson-2.10.1.jar%23142!/:?]
	at MC-BOOTSTRAP/com.google.gson@2.10.1/com.google.gson.internal.bind.TypeAdapters$28.read(TypeAdapters.java:769) ~[gson-2.10.1.jar%23142!/:?]
	at MC-BOOTSTRAP/com.google.gson@2.10.1/com.google.gson.internal.bind.TypeAdapters$28.read(TypeAdapters.java:725) ~[gson-2.10.1.jar%23142!/:?]
	at MC-BOOTSTRAP/com.google.gson@2.10.1/com.google.gson.internal.bind.TypeAdapters$34$1.read(TypeAdapters.java:1007) ~[gson-2.10.1.jar%23142!/:?]
	at TRANSFORMER/minecraft@1.21.1/net.minecraft.util.GsonHelper.fromNullableJson(GsonHelper.java:525) ~[client-1.21.1-20240808.144430-srg.jar%23300!/:?]
	... 11 more
[13sep2026 11:47:02.714] [NeoForge Version Check/INFO] [net.neoforged.fml.VersionChecker/]: [mcwlights] Found status: UP_TO_DATE Current: 1.1.5 Target: null
[13sep2026 11:47:02.714] [NeoForge Version Check/INFO] [net.neoforged.fml.VersionChecker/]: [copycats] Starting version check at https://raw.githubusercontent.com/copycats-plus/copycats/multiloader/update.json
[13sep2026 11:47:02.753] [NeoForge Version Check/INFO] [net.neoforged.fml.VersionChecker/]: [copycats] Found status: AHEAD Current: 3.0.8+mc.1.21.1-neoforge Target: null
[13sep2026 11:47:02.755] [NeoForge Version Check/INFO] [net.neoforged.fml.VersionChecker/]: [mcwpaintings] Starting version check at https://raw.githubusercontent.com/sketchmacaw/macawsmods/master/paintings.json
[13sep2026 11:47:02.759] [Worker-Main-9/ERROR] [net.minecraft.client.resources.model.ModelManager/]: Failed to load model create_radar:models/block/cannon_mount_radar.json
com.google.gson.JsonParseException: JSON data was null or empty
	at TRANSFORMER/minecraft@1.21.1/net.minecraft.util.GsonHelper.fromJson(GsonHelper.java:534) ~[client-1.21.1-20240808.144430-srg.jar%23300!/:?]
	at TRANSFORMER/minecraft@1.21.1/net.minecraft.util.GsonHelper.fromJson(GsonHelper.java:582) ~[client-1.21.1-20240808.144430-srg.jar%23300!/:?]
	at TRANSFORMER/minecraft@1.21.1/net.minecraft.client.renderer.block.model.BlockModel.fromStream(BlockModel.java:83) ~[client-1.21.1-20240808.144430-srg.jar%23300!/:?]
	at TRANSFORMER/minecraft@1.21.1/net.minecraft.client.resources.model.ModelManager.lambda$loadBlockModels$8(ModelManager.java:144) ~[client-1.21.1-20240808.144430-srg.jar%23300!/:?]
	at java.base/java.util.concurrent.CompletableFuture$AsyncSupply.run(CompletableFuture.java:1768) [?:?]
	at java.base/java.util.concurrent.CompletableFuture$AsyncSupply.exec(CompletableFuture.java:1760) [?:?]
	at java.base/java.util.concurrent.ForkJoinTask.doExec(ForkJoinTask.java:387) [?:?]
	at java.base/java.util.concurrent.ForkJoinPool$WorkQueue.topLevelExec(ForkJoinPool.java:1312) [?:?]
	at java.base/java.util.concurrent.ForkJoinPool.scan(ForkJoinPool.java:1843) [?:?]
	at java.base/java.util.concurrent.ForkJoinPool.runWorker(ForkJoinPool.java:1808) [?:?]
	at java.base/java.util.concurrent.ForkJoinWorkerThread.run(ForkJoinWorkerThread.java:188) [?:?]
[13sep2026 11:47:02.773] [Render thread/INFO] [Framework/SYNCED_ENTITY_DATA]: Registered synced data key refurbished_furniture:lock_yaw for refurbished_furniture:seat
[13sep2026 11:47:02.780] [Render thread/INFO] [com.happysg.radar.CreateRadar/]: Registering Display Sources!
[13sep2026 11:47:02.789] [Worker-Main-10/ERROR] [net.minecraft.client.resources.model.ModelManager/]: Failed to load blockstate create_radar:blockstates/shield_jammer.json from pack mod/create_radar
com.google.gson.JsonParseException: java.io.EOFException: End of input at line 1 column 1 path $
	at TRANSFORMER/minecraft@1.21.1/net.minecraft.util.GsonHelper.fromNullableJson(GsonHelper.java:527) ~[client-1.21.1-20240808.144430-srg.jar%23300!/:?]
	at TRANSFORMER/minecraft@1.21.1/net.minecraft.util.GsonHelper.fromJson(GsonHelper.java:532) ~[client-1.21.1-20240808.144430-srg.jar%23300!/:?]
	at TRANSFORMER/minecraft@1.21.1/net.minecraft.util.GsonHelper.parse(GsonHelper.java:594) ~[client-1.21.1-20240808.144430-srg.jar%23300!/:?]
	at TRANSFORMER/minecraft@1.21.1/net.minecraft.util.GsonHelper.parse(GsonHelper.java:602) ~[client-1.21.1-20240808.144430-srg.jar%23300!/:?]
	at TRANSFORMER/minecraft@1.21.1/net.minecraft.client.resources.model.ModelManager.lambda$loadBlockStates$12(ModelManager.java:180) ~[client-1.21.1-20240808.144430-srg.jar%23300!/:?]
	at java.base/java.util.concurrent.CompletableFuture$AsyncSupply.run(CompletableFuture.java:1768) [?:?]
	at java.base/java.util.concurrent.CompletableFuture$AsyncSupply.exec(CompletableFuture.java:1760) [?:?]
	at java.base/java.util.concurrent.ForkJoinTask.doExec(ForkJoinTask.java:387) [?:?]
	at java.base/java.util.concurrent.ForkJoinPool$WorkQueue.topLevelExec(ForkJoinPool.java:1312) [?:?]
	at java.base/java.util.concurrent.ForkJoinPool.scan(ForkJoinPool.java:1843) [?:?]
	at java.base/java.util.concurrent.ForkJoinPool.runWorker(ForkJoinPool.java:1808) [?:?]
	at java.base/java.util.concurrent.ForkJoinWorkerThread.run(ForkJoinWorkerThread.java:188) [?:?]
Caused by: java.io.EOFException: End of input at line 1 column 1 path $
	at MC-BOOTSTRAP/com.google.gson@2.10.1/com.google.gson.stream.JsonReader.nextNonWhitespace(JsonReader.java:1457) ~[gson-2.10.1.jar%23142!/:?]
	at MC-BOOTSTRAP/com.google.gson@2.10.1/com.google.gson.stream.JsonReader.doPeek(JsonReader.java:558) ~[gson-2.10.1.jar%23142!/:?]
	at MC-BOOTSTRAP/com.google.gson@2.10.1/com.google.gson.stream.JsonReader.peek(JsonReader.java:433) ~[gson-2.10.1.jar%23142!/:?]
	at MC-BOOTSTRAP/com.google.gson@2.10.1/com.google.gson.internal.bind.TypeAdapters$28.read(TypeAdapters.java:769) ~[gson-2.10.1.jar%23142!/:?]
	at MC-BOOTSTRAP/com.google.gson@2.10.1/com.google.gson.internal.bind.TypeAdapters$28.read(TypeAdapters.java:725) ~[gson-2.10.1.jar%23142!/:?]
	at MC-BOOTSTRAP/com.google.gson@2.10.1/com.google.gson.internal.bind.TypeAdapters$34$1.read(TypeAdapters.java:1007) ~[gson-2.10.1.jar%23142!/:?]
	at TRANSFORMER/minecraft@1.21.1/net.minecraft.util.GsonHelper.fromNullableJson(GsonHelper.java:525) ~[client-1.21.1-20240808.144430-srg.jar%23300!/:?]
	... 11 more
[13sep2026 11:47:02.790] [Worker-Main-1/ERROR] [net.minecraft.client.resources.model.ModelManager/]: Failed to load blockstate create_radar:blockstates/siren.json from pack mod/create_radar
com.google.gson.JsonParseException: java.io.EOFException: End of input at line 1 column 1 path $
	at TRANSFORMER/minecraft@1.21.1/net.minecraft.util.GsonHelper.fromNullableJson(GsonHelper.java:527) ~[client-1.21.1-20240808.144430-srg.jar%23300!/:?]
	at TRANSFORMER/minecraft@1.21.1/net.minecraft.util.GsonHelper.fromJson(GsonHelper.java:532) ~[client-1.21.1-20240808.144430-srg.jar%23300!/:?]
	at TRANSFORMER/minecraft@1.21.1/net.minecraft.util.GsonHelper.parse(GsonHelper.java:594) ~[client-1.21.1-20240808.144430-srg.jar%23300!/:?]
	at TRANSFORMER/minecraft@1.21.1/net.minecraft.util.GsonHelper.parse(GsonHelper.java:602) ~[client-1.21.1-20240808.144430-srg.jar%23300!/:?]
	at TRANSFORMER/minecraft@1.21.1/net.minecraft.client.resources.model.ModelManager.lambda$loadBlockStates$12(ModelManager.java:180) ~[client-1.21.1-20240808.144430-srg.jar%23300!/:?]
	at java.base/java.util.concurrent.CompletableFuture$AsyncSupply.run(CompletableFuture.java:1768) [?:?]
	at java.base/java.util.concurrent.CompletableFuture$AsyncSupply.exec(CompletableFuture.java:1760) [?:?]
	at java.base/java.util.concurrent.ForkJoinTask.doExec(ForkJoinTask.java:387) [?:?]
	at java.base/java.util.concurrent.ForkJoinPool$WorkQueue.topLevelExec(ForkJoinPool.java:1312) [?:?]
	at java.base/java.util.concurrent.ForkJoinPool.scan(ForkJoinPool.java:1843) [?:?]
	at java.base/java.util.concurrent.ForkJoinPool.runWorker(ForkJoinPool.java:1808) [?:?]
	at java.base/java.util.concurrent.ForkJoinWorkerThread.run(ForkJoinWorkerThread.java:188) [?:?]
Caused by: java.io.EOFException: End of input at line 1 column 1 path $
	at MC-BOOTSTRAP/com.google.gson@2.10.1/com.google.gson.stream.JsonReader.nextNonWhitespace(JsonReader.java:1457) ~[gson-2.10.1.jar%23142!/:?]
	at MC-BOOTSTRAP/com.google.gson@2.10.1/com.google.gson.stream.JsonReader.doPeek(JsonReader.java:558) ~[gson-2.10.1.jar%23142!/:?]
	at MC-BOOTSTRAP/com.google.gson@2.10.1/com.google.gson.stream.JsonReader.peek(JsonReader.java:433) ~[gson-2.10.1.jar%23142!/:?]
	at MC-BOOTSTRAP/com.google.gson@2.10.1/com.google.gson.internal.bind.TypeAdapters$28.read(TypeAdapters.java:769) ~[gson-2.10.1.jar%23142!/:?]
	at MC-BOOTSTRAP/com.google.gson@2.10.1/com.google.gson.internal.bind.TypeAdapters$28.read(TypeAdapters.java:725) ~[gson-2.10.1.jar%23142!/:?]
	at MC-BOOTSTRAP/com.google.gson@2.10.1/com.google.gson.internal.bind.TypeAdapters$34$1.read(TypeAdapters.java:1007) ~[gson-2.10.1.jar%23142!/:?]
	at TRANSFORMER/minecraft@1.21.1/net.minecraft.util.GsonHelper.fromNullableJson(GsonHelper.java:525) ~[client-1.21.1-20240808.144430-srg.jar%23300!/:?]
	... 11 more
[13sep2026 11:47:02.791] [Worker-Main-10/ERROR] [net.minecraft.client.resources.model.ModelManager/]: Failed to load blockstate create_radar:blockstates/sky_radar.json from pack mod/create_radar
com.google.gson.JsonParseException: java.io.EOFException: End of input at line 1 column 1 path $
	at TRANSFORMER/minecraft@1.21.1/net.minecraft.util.GsonHelper.fromNullableJson(GsonHelper.java:527) ~[client-1.21.1-20240808.144430-srg.jar%23300!/:?]
	at TRANSFORMER/minecraft@1.21.1/net.minecraft.util.GsonHelper.fromJson(GsonHelper.java:532) ~[client-1.21.1-20240808.144430-srg.jar%23300!/:?]
	at TRANSFORMER/minecraft@1.21.1/net.minecraft.util.GsonHelper.parse(GsonHelper.java:594) ~[client-1.21.1-20240808.144430-srg.jar%23300!/:?]
	at TRANSFORMER/minecraft@1.21.1/net.minecraft.util.GsonHelper.parse(GsonHelper.java:602) ~[client-1.21.1-20240808.144430-srg.jar%23300!/:?]
	at TRANSFORMER/minecraft@1.21.1/net.minecraft.client.resources.model.ModelManager.lambda$loadBlockStates$12(ModelManager.java:180) ~[client-1.21.1-20240808.144430-srg.jar%23300!/:?]
	at java.base/java.util.concurrent.CompletableFuture$AsyncSupply.run(CompletableFuture.java:1768) [?:?]
	at java.base/java.util.concurrent.CompletableFuture$AsyncSupply.exec(CompletableFuture.java:1760) [?:?]
	at java.base/java.util.concurrent.ForkJoinTask.doExec(ForkJoinTask.java:387) [?:?]
	at java.base/java.util.concurrent.ForkJoinPool$WorkQueue.topLevelExec(ForkJoinPool.java:1312) [?:?]
	at java.base/java.util.concurrent.ForkJoinPool.scan(ForkJoinPool.java:1843) [?:?]
	at java.base/java.util.concurrent.ForkJoinPool.runWorker(ForkJoinPool.java:1808) [?:?]
	at java.base/java.util.concurrent.ForkJoinWorkerThread.run(ForkJoinWorkerThread.java:188) [?:?]
Caused by: java.io.EOFException: End of input at line 1 column 1 path $
	at MC-BOOTSTRAP/com.google.gson@2.10.1/com.google.gson.stream.JsonReader.nextNonWhitespace(JsonReader.java:1457) ~[gson-2.10.1.jar%23142!/:?]
	at MC-BOOTSTRAP/com.google.gson@2.10.1/com.google.gson.stream.JsonReader.doPeek(JsonReader.java:558) ~[gson-2.10.1.jar%23142!/:?]
	at MC-BOOTSTRAP/com.google.gson@2.10.1/com.google.gson.stream.JsonReader.peek(JsonReader.java:433) ~[gson-2.10.1.jar%23142!/:?]
	at MC-BOOTSTRAP/com.google.gson@2.10.1/com.google.gson.internal.bind.TypeAdapters$28.read(TypeAdapters.java:769) ~[gson-2.10.1.jar%23142!/:?]
	at MC-BOOTSTRAP/com.google.gson@2.10.1/com.google.gson.internal.bind.TypeAdapters$28.read(TypeAdapters.java:725) ~[gson-2.10.1.jar%23142!/:?]
	at MC-BOOTSTRAP/com.google.gson@2.10.1/com.google.gson.internal.bind.TypeAdapters$34$1.read(TypeAdapters.java:1007) ~[gson-2.10.1.jar%23142!/:?]
	at TRANSFORMER/minecraft@1.21.1/net.minecraft.util.GsonHelper.fromNullableJson(GsonHelper.java:525) ~[client-1.21.1-20240808.144430-srg.jar%23300!/:?]
	... 11 more
[13sep2026 11:47:02.798] [Worker-Main-1/ERROR] [net.minecraft.client.resources.model.ModelManager/]: Failed to load blockstate create_radar:blockstates/smart_mount.json from pack mod/create_radar
com.google.gson.JsonParseException: java.io.EOFException: End of input at line 1 column 1 path $
	at TRANSFORMER/minecraft@1.21.1/net.minecraft.util.GsonHelper.fromNullableJson(GsonHelper.java:527) ~[client-1.21.1-20240808.144430-srg.jar%23300!/:?]
	at TRANSFORMER/minecraft@1.21.1/net.minecraft.util.GsonHelper.fromJson(GsonHelper.java:532) ~[client-1.21.1-20240808.144430-srg.jar%23300!/:?]
	at TRANSFORMER/minecraft@1.21.1/net.minecraft.util.GsonHelper.parse(GsonHelper.java:594) ~[client-1.21.1-20240808.144430-srg.jar%23300!/:?]
	at TRANSFORMER/minecraft@1.21.1/net.minecraft.util.GsonHelper.parse(GsonHelper.java:602) ~[client-1.21.1-20240808.144430-srg.jar%23300!/:?]
	at TRANSFORMER/minecraft@1.21.1/net.minecraft.client.resources.model.ModelManager.lambda$loadBlockStates$12(ModelManager.java:180) ~[client-1.21.1-20240808.144430-srg.jar%23300!/:?]
	at java.base/java.util.concurrent.CompletableFuture$AsyncSupply.run(CompletableFuture.java:1768) [?:?]
	at java.base/java.util.concurrent.CompletableFuture$AsyncSupply.exec(CompletableFuture.java:1760) [?:?]
	at java.base/java.util.concurrent.ForkJoinTask.doExec(ForkJoinTask.java:387) [?:?]
	at java.base/java.util.concurrent.ForkJoinPool$WorkQueue.topLevelExec(ForkJoinPool.java:1312) [?:?]
	at java.base/java.util.concurrent.ForkJoinPool.scan(ForkJoinPool.java:1843) [?:?]
	at java.base/java.util.concurrent.ForkJoinPool.runWorker(ForkJoinPool.java:1808) [?:?]
	at java.base/java.util.concurrent.ForkJoinWorkerThread.run(ForkJoinWorkerThread.java:188) [?:?]
Caused by: java.io.EOFException: End of input at line 1 column 1 path $
	at MC-BOOTSTRAP/com.google.gson@2.10.1/com.google.gson.stream.JsonReader.nextNonWhitespace(JsonReader.java:1457) ~[gson-2.10.1.jar%23142!/:?]
	at MC-BOOTSTRAP/com.google.gson@2.10.1/com.google.gson.stream.JsonReader.doPeek(JsonReader.java:558) ~[gson-2.10.1.jar%23142!/:?]
	at MC-BOOTSTRAP/com.google.gson@2.10.1/com.google.gson.stream.JsonReader.peek(JsonReader.java:433) ~[gson-2.10.1.jar%23142!/:?]
	at MC-BOOTSTRAP/com.google.gson@2.10.1/com.google.gson.internal.bind.TypeAdapters$28.read(TypeAdapters.java:769) ~[gson-2.10.1.jar%23142!/:?]
	at MC-BOOTSTRAP/com.google.gson@2.10.1/com.google.gson.internal.bind.TypeAdapters$28.read(TypeAdapters.java:725) ~[gson-2.10.1.jar%23142!/:?]
	at MC-BOOTSTRAP/com.google.gson@2.10.1/com.google.gson.internal.bind.TypeAdapters$34$1.read(TypeAdapters.java:1007) ~[gson-2.10.1.jar%23142!/:?]
	at TRANSFORMER/minecraft@1.21.1/net.minecraft.util.GsonHelper.fromNullableJson(GsonHelper.java:525) ~[client-1.21.1-20240808.144430-srg.jar%23300!/:?]
	... 11 more
[13sep2026 11:47:02.800] [Worker-Main-1/ERROR] [net.minecraft.client.resources.model.ModelManager/]: Failed to load blockstate create_radar:blockstates/sonar_panel.json from pack mod/create_radar
com.google.gson.JsonParseException: java.io.EOFException: End of input at line 1 column 1 path $
	at TRANSFORMER/minecraft@1.21.1/net.minecraft.util.GsonHelper.fromNullableJson(GsonHelper.java:527) ~[client-1.21.1-20240808.144430-srg.jar%23300!/:?]
	at TRANSFORMER/minecraft@1.21.1/net.minecraft.util.GsonHelper.fromJson(GsonHelper.java:532) ~[client-1.21.1-20240808.144430-srg.jar%23300!/:?]
	at TRANSFORMER/minecraft@1.21.1/net.minecraft.util.GsonHelper.parse(GsonHelper.java:594) ~[client-1.21.1-20240808.144430-srg.jar%23300!/:?]
	at TRANSFORMER/minecraft@1.21.1/net.minecraft.util.GsonHelper.parse(GsonHelper.java:602) ~[client-1.21.1-20240808.144430-srg.jar%23300!/:?]
	at TRANSFORMER/minecraft@1.21.1/net.minecraft.client.resources.model.ModelManager.lambda$loadBlockStates$12(ModelManager.java:180) ~[client-1.21.1-20240808.144430-srg.jar%23300!/:?]
	at java.base/java.util.concurrent.CompletableFuture$AsyncSupply.run(CompletableFuture.java:1768) [?:?]
	at java.base/java.util.concurrent.CompletableFuture$AsyncSupply.exec(CompletableFuture.java:1760) [?:?]
	at java.base/java.util.concurrent.ForkJoinTask.doExec(ForkJoinTask.java:387) [?:?]
	at java.base/java.util.concurrent.ForkJoinPool$WorkQueue.topLevelExec(ForkJoinPool.java:1312) [?:?]
	at java.base/java.util.concurrent.ForkJoinPool.scan(ForkJoinPool.java:1843) [?:?]
	at java.base/java.util.concurrent.ForkJoinPool.runWorker(ForkJoinPool.java:1808) [?:?]
	at java.base/java.util.concurrent.ForkJoinWorkerThread.run(ForkJoinWorkerThread.java:188) [?:?]
Caused by: java.io.EOFException: End of input at line 1 column 1 path $
	at MC-BOOTSTRAP/com.google.gson@2.10.1/com.google.gson.stream.JsonReader.nextNonWhitespace(JsonReader.java:1457) ~[gson-2.10.1.jar%23142!/:?]
	at MC-BOOTSTRAP/com.google.gson@2.10.1/com.google.gson.stream.JsonReader.doPeek(JsonReader.java:558) ~[gson-2.10.1.jar%23142!/:?]
	at MC-BOOTSTRAP/com.google.gson@2.10.1/com.google.gson.stream.JsonReader.peek(JsonReader.java:433) ~[gson-2.10.1.jar%23142!/:?]
	at MC-BOOTSTRAP/com.google.gson@2.10.1/com.google.gson.internal.bind.TypeAdapters$28.read(TypeAdapters.java:769) ~[gson-2.10.1.jar%23142!/:?]
	at MC-BOOTSTRAP/com.google.gson@2.10.1/com.google.gson.internal.bind.TypeAdapters$28.read(TypeAdapters.java:725) ~[gson-2.10.1.jar%23142!/:?]
	at MC-BOOTSTRAP/com.google.gson@2.10.1/com.google.gson.internal.bind.TypeAdapters$34$1.read(TypeAdapters.java:1007) ~[gson-2.10.1.jar%23142!/:?]
	at TRANSFORMER/minecraft@1.21.1/net.minecraft.util.GsonHelper.fromNullableJson(GsonHelper.java:525) ~[client-1.21.1-20240808.144430-srg.jar%23300!/:?]
	... 11 more
[13sep2026 11:47:02.800] [Worker-Main-10/ERROR] [net.minecraft.client.resources.model.ModelManager/]: Failed to load blockstate create_radar:blockstates/sonar_bearing.json from pack mod/create_radar
com.google.gson.JsonParseException: java.io.EOFException: End of input at line 1 column 1 path $
	at TRANSFORMER/minecraft@1.21.1/net.minecraft.util.GsonHelper.fromNullableJson(GsonHelper.java:527) ~[client-1.21.1-20240808.144430-srg.jar%23300!/:?]
	at TRANSFORMER/minecraft@1.21.1/net.minecraft.util.GsonHelper.fromJson(GsonHelper.java:532) ~[client-1.21.1-20240808.144430-srg.jar%23300!/:?]
	at TRANSFORMER/minecraft@1.21.1/net.minecraft.util.GsonHelper.parse(GsonHelper.java:594) ~[client-1.21.1-20240808.144430-srg.jar%23300!/:?]
	at TRANSFORMER/minecraft@1.21.1/net.minecraft.util.GsonHelper.parse(GsonHelper.java:602) ~[client-1.21.1-20240808.144430-srg.jar%23300!/:?]
	at TRANSFORMER/minecraft@1.21.1/net.minecraft.client.resources.model.ModelManager.lambda$loadBlockStates$12(ModelManager.java:180) ~[client-1.21.1-20240808.144430-srg.jar%23300!/:?]
	at java.base/java.util.concurrent.CompletableFuture$AsyncSupply.run(CompletableFuture.java:1768) [?:?]
	at java.base/java.util.concurrent.CompletableFuture$AsyncSupply.exec(CompletableFuture.java:1760) [?:?]
	at java.base/java.util.concurrent.ForkJoinTask.doExec(ForkJoinTask.java:387) [?:?]
	at java.base/java.util.concurrent.ForkJoinPool$WorkQueue.topLevelExec(ForkJoinPool.java:1312) [?:?]
	at java.base/java.util.concurrent.ForkJoinPool.scan(ForkJoinPool.java:1843) [?:?]
	at java.base/java.util.concurrent.ForkJoinPool.runWorker(ForkJoinPool.java:1808) [?:?]
	at java.base/java.util.concurrent.ForkJoinWorkerThread.run(ForkJoinWorkerThread.java:188) [?:?]
Caused by: java.io.EOFException: End of input at line 1 column 1 path $
	at MC-BOOTSTRAP/com.google.gson@2.10.1/com.google.gson.stream.JsonReader.nextNonWhitespace(JsonReader.java:1457) ~[gson-2.10.1.jar%23142!/:?]
	at MC-BOOTSTRAP/com.google.gson@2.10.1/com.google.gson.stream.JsonReader.doPeek(JsonReader.java:558) ~[gson-2.10.1.jar%23142!/:?]
	at MC-BOOTSTRAP/com.google.gson@2.10.1/com.google.gson.stream.JsonReader.peek(JsonReader.java:433) ~[gson-2.10.1.jar%23142!/:?]
	at MC-BOOTSTRAP/com.google.gson@2.10.1/com.google.gson.internal.bind.TypeAdapters$28.read(TypeAdapters.java:769) ~[gson-2.10.1.jar%23142!/:?]
	at MC-BOOTSTRAP/com.google.gson@2.10.1/com.google.gson.internal.bind.TypeAdapters$28.read(TypeAdapters.java:725) ~[gson-2.10.1.jar%23142!/:?]
	at MC-BOOTSTRAP/com.google.gson@2.10.1/com.google.gson.internal.bind.TypeAdapters$34$1.read(TypeAdapters.java:1007) ~[gson-2.10.1.jar%23142!/:?]
	at TRANSFORMER/minecraft@1.21.1/net.minecraft.util.GsonHelper.fromNullableJson(GsonHelper.java:525) ~[client-1.21.1-20240808.144430-srg.jar%23300!/:?]
	... 11 more
[13sep2026 11:47:02.980] [Worker-Main-6/INFO] [xaero.map.WorldMap/]: Loading Xaero's World Map - Stage 1/2
[13sep2026 11:47:03.013] [Worker-Main-4/WARN] [net.minecraft.client.renderer.texture.SpriteLoader/]: Texture create_radar:block/spotlight_light with size 10x10 limits mip level from 4 to 1
[13sep2026 11:47:03.014] [Worker-Main-4/WARN] [net.minecraft.client.renderer.texture.SpriteLoader/]: Texture sophisticatedcore:item/ender_linker_bound with size 15x15 limits mip level from 1 to 0
[13sep2026 11:47:03.020] [Worker-Main-9/INFO] [net.ceziak.ricedelight.RiceDelight/]: HELLO FROM CLIENT SETUP
[13sep2026 11:47:03.021] [Worker-Main-9/INFO] [net.ceziak.ricedelight.RiceDelight/]: MINECRAFT NAME >> spotsimon2011
[13sep2026 11:47:03.060] [Worker-Main-10/INFO] [xaero.lib.XaeroLib/]: Loading XaeroLib client 1/2!
[13sep2026 11:47:03.066] [Worker-Main-7/INFO] [Sodium/]: Block croptopia:almond_crop had its color provider replaced with com.epherical.croptopia.client.ClientFunctions$$Lambda/0x00000008039495b8@13db247d and will not use per-vertex coloring
[13sep2026 11:47:03.066] [Worker-Main-7/INFO] [Sodium/]: Block croptopia:apple_crop had its color provider replaced with com.epherical.croptopia.client.ClientFunctions$$Lambda/0x00000008039495b8@13db247d and will not use per-vertex coloring
[13sep2026 11:47:03.066] [Worker-Main-7/INFO] [Sodium/]: Block croptopia:apricot_crop had its color provider replaced with com.epherical.croptopia.client.ClientFunctions$$Lambda/0x00000008039495b8@13db247d and will not use per-vertex coloring
[13sep2026 11:47:03.066] [Worker-Main-7/INFO] [Sodium/]: Block croptopia:avocado_crop had its color provider replaced with com.epherical.croptopia.client.ClientFunctions$$Lambda/0x00000008039495b8@13db247d and will not use per-vertex coloring
[13sep2026 11:47:03.066] [Worker-Main-7/INFO] [Sodium/]: Block croptopia:banana_crop had its color provider replaced with com.epherical.croptopia.client.ClientFunctions$$Lambda/0x00000008039495b8@13db247d and will not use per-vertex coloring
[13sep2026 11:47:03.066] [Worker-Main-7/INFO] [Sodium/]: Block croptopia:cashew_crop had its color provider replaced with com.epherical.croptopia.client.ClientFunctions$$Lambda/0x00000008039495b8@13db247d and will not use per-vertex coloring
[13sep2026 11:47:03.066] [Worker-Main-7/INFO] [Sodium/]: Block croptopia:cherry_crop had its color provider replaced with com.epherical.croptopia.client.ClientFunctions$$Lambda/0x00000008039495b8@13db247d and will not use per-vertex coloring
[13sep2026 11:47:03.066] [Worker-Main-7/INFO] [Sodium/]: Block croptopia:coconut_crop had its color provider replaced with com.epherical.croptopia.client.ClientFunctions$$Lambda/0x00000008039495b8@13db247d and will not use per-vertex coloring
[13sep2026 11:47:03.066] [Worker-Main-7/INFO] [Sodium/]: Block croptopia:date_crop had its color provider replaced with com.epherical.croptopia.client.ClientFunctions$$Lambda/0x00000008039495b8@13db247d and will not use per-vertex coloring
[13sep2026 11:47:03.066] [Worker-Main-7/INFO] [Sodium/]: Block croptopia:dragonfruit_crop had its color provider replaced with com.epherical.croptopia.client.ClientFunctions$$Lambda/0x00000008039495b8@13db247d and will not use per-vertex coloring
[13sep2026 11:47:03.066] [Worker-Main-7/INFO] [Sodium/]: Block croptopia:fig_crop had its color provider replaced with com.epherical.croptopia.client.ClientFunctions$$Lambda/0x00000008039495b8@13db247d and will not use per-vertex coloring
[13sep2026 11:47:03.066] [Worker-Main-7/INFO] [Sodium/]: Block croptopia:grapefruit_crop had its color provider replaced with com.epherical.croptopia.client.ClientFunctions$$Lambda/0x00000008039495b8@13db247d and will not use per-vertex coloring
[13sep2026 11:47:03.066] [Worker-Main-7/INFO] [Sodium/]: Block croptopia:kumquat_crop had its color provider replaced with com.epherical.croptopia.client.ClientFunctions$$Lambda/0x00000008039495b8@13db247d and will not use per-vertex coloring
[13sep2026 11:47:03.066] [Worker-Main-7/INFO] [Sodium/]: Block croptopia:lemon_crop had its color provider replaced with com.epherical.croptopia.client.ClientFunctions$$Lambda/0x00000008039495b8@13db247d and will not use per-vertex coloring
[13sep2026 11:47:03.066] [Worker-Main-7/INFO] [Sodium/]: Block croptopia:lime_crop had its color provider replaced with com.epherical.croptopia.client.ClientFunctions$$Lambda/0x00000008039495b8@13db247d and will not use per-vertex coloring
[13sep2026 11:47:03.066] [Worker-Main-7/INFO] [Sodium/]: Block croptopia:mango_crop had its color provider replaced with com.epherical.croptopia.client.ClientFunctions$$Lambda/0x00000008039495b8@13db247d and will not use per-vertex coloring
[13sep2026 11:47:03.066] [Worker-Main-7/INFO] [Sodium/]: Block croptopia:nectarine_crop had its color provider replaced with com.epherical.croptopia.client.ClientFunctions$$Lambda/0x00000008039495b8@13db247d and will not use per-vertex coloring
[13sep2026 11:47:03.066] [Worker-Main-7/INFO] [Sodium/]: Block croptopia:nutmeg_crop had its color provider replaced with com.epherical.croptopia.client.ClientFunctions$$Lambda/0x00000008039495b8@13db247d and will not use per-vertex coloring
[13sep2026 11:47:03.066] [Worker-Main-7/INFO] [Sodium/]: Block croptopia:orange_crop had its color provider replaced with com.epherical.croptopia.client.ClientFunctions$$Lambda/0x00000008039495b8@13db247d and will not use per-vertex coloring
[13sep2026 11:47:03.066] [Worker-Main-7/INFO] [Sodium/]: Block croptopia:peach_crop had its color provider replaced with com.epherical.croptopia.client.ClientFunctions$$Lambda/0x00000008039495b8@13db247d and will not use per-vertex coloring
[13sep2026 11:47:03.066] [Worker-Main-7/INFO] [Sodium/]: Block croptopia:pear_crop had its color provider replaced with com.epherical.croptopia.client.ClientFunctions$$Lambda/0x00000008039495b8@13db247d and will not use per-vertex coloring
[13sep2026 11:47:03.066] [Worker-Main-7/INFO] [Sodium/]: Block croptopia:pecan_crop had its color provider replaced with com.epherical.croptopia.client.ClientFunctions$$Lambda/0x00000008039495b8@13db247d and will not use per-vertex coloring
[13sep2026 11:47:03.066] [Worker-Main-7/INFO] [Sodium/]: Block croptopia:persimmon_crop had its color provider replaced with com.epherical.croptopia.client.ClientFunctions$$Lambda/0x00000008039495b8@13db247d and will not use per-vertex coloring
[13sep2026 11:47:03.066] [Worker-Main-7/INFO] [Sodium/]: Block croptopia:plum_crop had its color provider replaced with com.epherical.croptopia.client.ClientFunctions$$Lambda/0x00000008039495b8@13db247d and will not use per-vertex coloring
[13sep2026 11:47:03.066] [Worker-Main-7/INFO] [Sodium/]: Block croptopia:starfruit_crop had its color provider replaced with com.epherical.croptopia.client.ClientFunctions$$Lambda/0x00000008039495b8@13db247d and will not use per-vertex coloring
[13sep2026 11:47:03.068] [Worker-Main-7/INFO] [Sodium/]: Block croptopia:walnut_crop had its color provider replaced with com.epherical.croptopia.client.ClientFunctions$$Lambda/0x00000008039495b8@13db247d and will not use per-vertex coloring
[13sep2026 11:47:03.068] [Worker-Main-7/INFO] [Sodium/]: Block croptopia:cinnamon_leaves had its color provider replaced with com.epherical.croptopia.client.ClientFunctions$$Lambda/0x00000008039495b8@13db247d and will not use per-vertex coloring
[13sep2026 11:47:03.078] [Worker-Main-7/INFO] [com.dugkse.moderntrainparts.ModernTrainParts/]: HELLO FROM CLIENT SETUP
[13sep2026 11:47:03.079] [Worker-Main-7/INFO] [com.dugkse.moderntrainparts.ModernTrainParts/]: MINECRAFT NAME >> spotsimon2011
[13sep2026 11:47:03.122] [Worker-Main-2/INFO] [xaero.minimap.XaeroMinimap/]: Loading Xaero's Minimap - Stage 1/2
[13sep2026 11:47:03.142] [Worker-Main-5/INFO] [DistantHorizons-DistantHorizons-com.seibel.distanthorizons.common.AbstractModInitializer_neoforge/]: Initializing Distant Horizons client, firing DhApiBeforeDhInitEvent...
[13sep2026 11:47:03.232] [Worker-Main-6/INFO] [com.tiestoettoet.create_train_parts.CreateTrainParts/]: create_train_parts is starting up on the client side!
[13sep2026 11:47:03.232] [Worker-Main-6/INFO] [com.tiestoettoet.create_train_parts.CreateTrainParts/]: MINECRAFT NAME >> spotsimon2011
[13sep2026 11:47:03.276] [Worker-Main-5/INFO] [DistantHorizons-DistantHorizons-com.seibel.distanthorizons.core.Initializer/]: Running library validation...
[13sep2026 11:47:03.340] [NeoForge Version Check/INFO] [net.neoforged.fml.VersionChecker/]: [mcwpaintings] Found status: AHEAD Current: 1.1.0 Target: null
[13sep2026 11:47:03.340] [NeoForge Version Check/INFO] [net.neoforged.fml.VersionChecker/]: [mcwpaths] Starting version check at https://raw.githubusercontent.com/sketchmacaw/macawsmods/master/paths.json
[13sep2026 11:47:03.355] [NeoForge Version Check/INFO] [net.neoforged.fml.VersionChecker/]: [mcwpaths] Found status: UP_TO_DATE Current: 1.1.1 Target: null
[13sep2026 11:47:03.355] [NeoForge Version Check/INFO] [net.neoforged.fml.VersionChecker/]: [immersiveengineering] Starting version check at https://raw.githubusercontent.com/BluSunrize/ImmersiveEngineering/1.21.1/changelog.json
[13sep2026 11:47:03.380] [NeoForge Version Check/INFO] [net.neoforged.fml.VersionChecker/]: [immersiveengineering] Found status: AHEAD Current: 12.4.2-194 Target: null
[13sep2026 11:47:03.391] [NeoForge Version Check/INFO] [net.neoforged.fml.VersionChecker/]: [forgeconfigapiport] Starting version check at https://raw.githubusercontent.com/Fuzss/modresources/main/update/forgeconfigapiport.json
[13sep2026 11:47:03.409] [NeoForge Version Check/INFO] [net.neoforged.fml.VersionChecker/]: [forgeconfigapiport] Found status: OUTDATED Current: 21.1.1 Target: 21.1.6
[13sep2026 11:47:03.409] [NeoForge Version Check/INFO] [net.neoforged.fml.VersionChecker/]: [securitycraft] Starting version check at https://www.github.com/Geforce132/SecurityCraft/raw/master/Updates/Forge.json
[13sep2026 11:47:03.652] [NeoForge Version Check/INFO] [net.neoforged.fml.VersionChecker/]: [securitycraft] Found status: UP_TO_DATE Current: 1.10.2.1 Target: null
[13sep2026 11:47:03.652] [NeoForge Version Check/INFO] [net.neoforged.fml.VersionChecker/]: [create] Starting version check at https://api.modrinth.com/updates/create/forge_updates.json?neoforge=only
[13sep2026 11:47:03.654] [Worker-Main-1/ERROR] [net.minecraft.client.resources.model.ModelManager/]: Failed to load model create_radar:models/block/shield_jammer.json
com.google.gson.JsonParseException: JSON data was null or empty
	at TRANSFORMER/minecraft@1.21.1/net.minecraft.util.GsonHelper.fromJson(GsonHelper.java:534) ~[client-1.21.1-20240808.144430-srg.jar%23300!/:?]
	at TRANSFORMER/minecraft@1.21.1/net.minecraft.util.GsonHelper.fromJson(GsonHelper.java:582) ~[client-1.21.1-20240808.144430-srg.jar%23300!/:?]
	at TRANSFORMER/minecraft@1.21.1/net.minecraft.client.renderer.block.model.BlockModel.fromStream(BlockModel.java:83) ~[client-1.21.1-20240808.144430-srg.jar%23300!/:?]
	at TRANSFORMER/minecraft@1.21.1/net.minecraft.client.resources.model.ModelManager.lambda$loadBlockModels$8(ModelManager.java:144) ~[client-1.21.1-20240808.144430-srg.jar%23300!/:?]
	at java.base/java.util.concurrent.CompletableFuture$AsyncSupply.run(CompletableFuture.java:1768) [?:?]
	at java.base/java.util.concurrent.CompletableFuture$AsyncSupply.exec(CompletableFuture.java:1760) [?:?]
	at java.base/java.util.concurrent.ForkJoinTask.doExec(ForkJoinTask.java:387) [?:?]
	at java.base/java.util.concurrent.ForkJoinPool$WorkQueue.topLevelExec(ForkJoinPool.java:1312) [?:?]
	at java.base/java.util.concurrent.ForkJoinPool.scan(ForkJoinPool.java:1843) [?:?]
	at java.base/java.util.concurrent.ForkJoinPool.runWorker(ForkJoinPool.java:1808) [?:?]
	at java.base/java.util.concurrent.ForkJoinWorkerThread.run(ForkJoinWorkerThread.java:188) [?:?]
[13sep2026 11:47:03.659] [Worker-Main-11/ERROR] [net.minecraft.client.resources.model.ModelManager/]: Failed to load model create_radar:models/block/sky_radar_mount.json
com.google.gson.JsonParseException: JSON data was null or empty
	at TRANSFORMER/minecraft@1.21.1/net.minecraft.util.GsonHelper.fromJson(GsonHelper.java:534) ~[client-1.21.1-20240808.144430-srg.jar%23300!/:?]
	at TRANSFORMER/minecraft@1.21.1/net.minecraft.util.GsonHelper.fromJson(GsonHelper.java:582) ~[client-1.21.1-20240808.144430-srg.jar%23300!/:?]
	at TRANSFORMER/minecraft@1.21.1/net.minecraft.client.renderer.block.model.BlockModel.fromStream(BlockModel.java:83) ~[client-1.21.1-20240808.144430-srg.jar%23300!/:?]
	at TRANSFORMER/minecraft@1.21.1/net.minecraft.client.resources.model.ModelManager.lambda$loadBlockModels$8(ModelManager.java:144) ~[client-1.21.1-20240808.144430-srg.jar%23300!/:?]
	at java.base/java.util.concurrent.CompletableFuture$AsyncSupply.run(CompletableFuture.java:1768) [?:?]
	at java.base/java.util.concurrent.CompletableFuture$AsyncSupply.exec(CompletableFuture.java:1760) [?:?]
	at java.base/java.util.concurrent.ForkJoinTask.doExec(ForkJoinTask.java:387) [?:?]
	at java.base/java.util.concurrent.ForkJoinPool$WorkQueue.topLevelExec(ForkJoinPool.java:1312) [?:?]
	at java.base/java.util.concurrent.ForkJoinPool.scan(ForkJoinPool.java:1843) [?:?]
	at java.base/java.util.concurrent.ForkJoinPool.runWorker(ForkJoinPool.java:1808) [?:?]
	at java.base/java.util.concurrent.ForkJoinWorkerThread.run(ForkJoinWorkerThread.java:188) [?:?]
[13sep2026 11:47:03.672] [Worker-Main-3/ERROR] [net.minecraft.client.resources.model.ModelManager/]: Failed to load model create_radar:models/block/smart_cannon_mount.json
com.google.gson.JsonParseException: JSON data was null or empty
	at TRANSFORMER/minecraft@1.21.1/net.minecraft.util.GsonHelper.fromJson(GsonHelper.java:534) ~[client-1.21.1-20240808.144430-srg.jar%23300!/:?]
	at TRANSFORMER/minecraft@1.21.1/net.minecraft.util.GsonHelper.fromJson(GsonHelper.java:582) ~[client-1.21.1-20240808.144430-srg.jar%23300!/:?]
	at TRANSFORMER/minecraft@1.21.1/net.minecraft.client.renderer.block.model.BlockModel.fromStream(BlockModel.java:83) ~[client-1.21.1-20240808.144430-srg.jar%23300!/:?]
	at TRANSFORMER/minecraft@1.21.1/net.minecraft.client.resources.model.ModelManager.lambda$loadBlockModels$8(ModelManager.java:144) ~[client-1.21.1-20240808.144430-srg.jar%23300!/:?]
	at java.base/java.util.concurrent.CompletableFuture$AsyncSupply.run(CompletableFuture.java:1768) [?:?]
	at java.base/java.util.concurrent.CompletableFuture$AsyncSupply.exec(CompletableFuture.java:1760) [?:?]
	at java.base/java.util.concurrent.ForkJoinTask.doExec(ForkJoinTask.java:387) [?:?]
	at java.base/java.util.concurrent.ForkJoinPool$WorkQueue.topLevelExec(ForkJoinPool.java:1312) [?:?]
	at java.base/java.util.concurrent.ForkJoinPool.scan(ForkJoinPool.java:1843) [?:?]
	at java.base/java.util.concurrent.ForkJoinPool.runWorker(ForkJoinPool.java:1808) [?:?]
	at java.base/java.util.concurrent.ForkJoinWorkerThread.run(ForkJoinWorkerThread.java:188) [?:?]
[13sep2026 11:47:03.787] [NeoForge Version Check/INFO] [net.neoforged.fml.VersionChecker/]: [create] Found status: OUTDATED Current: 6.0.10 Target: 6.0.10+mc1.21.1
[13sep2026 11:47:03.960] [Worker-Main-2/ERROR] [net.minecraft.client.resources.model.ModelManager/]: Failed to load model trackwork:models/block/wheels.json
com.google.gson.JsonSyntaxException: Missing axis, expected to find a string
	at TRANSFORMER/minecraft@1.21.1/net.minecraft.util.GsonHelper.getAsString(GsonHelper.java:128) ~[client-1.21.1-20240808.144430-srg.jar%23300!/:?]
	at TRANSFORMER/minecraft@1.21.1/net.minecraft.client.renderer.block.model.BlockElement$Deserializer.getAxis(BlockElement.java:122) ~[client-1.21.1-20240808.144430-srg.jar%23300!/:?]
	at TRANSFORMER/minecraft@1.21.1/net.minecraft.client.renderer.block.model.BlockElement$Deserializer.getRotation(BlockElement.java:103) ~[client-1.21.1-20240808.144430-srg.jar%23300!/:?]
	at TRANSFORMER/minecraft@1.21.1/net.minecraft.client.renderer.block.model.BlockElement$Deserializer.deserialize(BlockElement.java:84) ~[client-1.21.1-20240808.144430-srg.jar%23300!/:?]
	at TRANSFORMER/minecraft@1.21.1/net.minecraft.client.renderer.block.model.BlockElement$Deserializer.deserialize(BlockElement.java:76) ~[client-1.21.1-20240808.144430-srg.jar%23300!/:?]
	at MC-BOOTSTRAP/com.google.gson@2.10.1/com.google.gson.internal.bind.TreeTypeAdapter.read(TreeTypeAdapter.java:76) ~[gson-2.10.1.jar%23142!/:?]
	at MC-BOOTSTRAP/com.google.gson@2.10.1/com.google.gson.Gson.fromJson(Gson.java:1227) ~[gson-2.10.1.jar%23142!/:?]
	at MC-BOOTSTRAP/com.google.gson@2.10.1/com.google.gson.Gson.fromJson(Gson.java:1329) ~[gson-2.10.1.jar%23142!/:?]
	at MC-BOOTSTRAP/com.google.gson@2.10.1/com.google.gson.Gson.fromJson(Gson.java:1300) ~[gson-2.10.1.jar%23142!/:?]
	at MC-BOOTSTRAP/com.google.gson@2.10.1/com.google.gson.internal.bind.TreeTypeAdapter$GsonContextImpl.deserialize(TreeTypeAdapter.java:179) ~[gson-2.10.1.jar%23142!/:?]
	at TRANSFORMER/minecraft@1.21.1/net.minecraft.client.renderer.block.model.BlockModel$Deserializer.getElements(BlockModel.java:409) ~[client-1.21.1-20240808.144430-srg.jar%23300!/:?]
	at TRANSFORMER/minecraft@1.21.1/net.minecraft.client.renderer.block.model.BlockModel$Deserializer.deserialize(BlockModel.java:338) ~[client-1.21.1-20240808.144430-srg.jar%23300!/:?]
	at TRANSFORMER/neoforge@21.1.250/net.neoforged.neoforge.client.model.ExtendedBlockModelDeserializer.deserialize(ExtendedBlockModelDeserializer.java:51) ~[neoforge-21.1.250-universal.jar%23301!/:?]
	at TRANSFORMER/neoforge@21.1.250/net.neoforged.neoforge.client.model.ExtendedBlockModelDeserializer.deserialize(ExtendedBlockModelDeserializer.java:37) ~[neoforge-21.1.250-universal.jar%23301!/:?]
	at MC-BOOTSTRAP/com.google.gson@2.10.1/com.google.gson.internal.bind.TreeTypeAdapter.read(TreeTypeAdapter.java:76) ~[gson-2.10.1.jar%23142!/:?]
	at TRANSFORMER/minecraft@1.21.1/net.minecraft.util.GsonHelper.fromNullableJson(GsonHelper.java:525) ~[client-1.21.1-20240808.144430-srg.jar%23300!/:?]
	at TRANSFORMER/minecraft@1.21.1/net.minecraft.util.GsonHelper.fromJson(GsonHelper.java:532) ~[client-1.21.1-20240808.144430-srg.jar%23300!/:?]
	at TRANSFORMER/minecraft@1.21.1/net.minecraft.util.GsonHelper.fromJson(GsonHelper.java:582) ~[client-1.21.1-20240808.144430-srg.jar%23300!/:?]
	at TRANSFORMER/minecraft@1.21.1/net.minecraft.client.renderer.block.model.BlockModel.fromStream(BlockModel.java:83) ~[client-1.21.1-20240808.144430-srg.jar%23300!/:?]
	at TRANSFORMER/minecraft@1.21.1/net.minecraft.client.resources.model.ModelManager.lambda$loadBlockModels$8(ModelManager.java:144) ~[client-1.21.1-20240808.144430-srg.jar%23300!/:?]
	at java.base/java.util.concurrent.CompletableFuture$AsyncSupply.run(CompletableFuture.java:1768) [?:?]
	at java.base/java.util.concurrent.CompletableFuture$AsyncSupply.exec(CompletableFuture.java:1760) [?:?]
	at java.base/java.util.concurrent.ForkJoinTask.doExec(ForkJoinTask.java:387) [?:?]
	at java.base/java.util.concurrent.ForkJoinPool$WorkQueue.topLevelExec(ForkJoinPool.java:1312) [?:?]
	at java.base/java.util.concurrent.ForkJoinPool.scan(ForkJoinPool.java:1843) [?:?]
	at java.base/java.util.concurrent.ForkJoinPool.runWorker(ForkJoinPool.java:1808) [?:?]
	at java.base/java.util.concurrent.ForkJoinWorkerThread.run(ForkJoinWorkerThread.java:188) [?:?]
[13sep2026 11:47:04.439] [Worker-Main-5/INFO] [DistantHorizons-DistantHorizons-com.seibel.distanthorizons.common.AbstractModInitializer_neoforge/]: Distant Horizons, Version: 3.2.0-b
[13sep2026 11:47:04.462] [Worker-Main-5/INFO] [DistantHorizons-DistantHorizons-com.seibel.distanthorizons.common.AbstractModInitializer_neoforge/]: Skipping mod compatibility accessor for: [optifine]
[13sep2026 11:47:04.464] [Worker-Main-5/INFO] [DistantHorizons-DistantHorizons-com.seibel.distanthorizons.common.AbstractModInitializer_neoforge/]: Skipping mod compatibility accessor for: [c2me]
[13sep2026 11:47:04.466] [Worker-Main-5/INFO] [DistantHorizons-DistantHorizons-com.seibel.distanthorizons.common.AbstractModInitializer_neoforge/]: Skipping mod compatibility accessor for: [immersive_portals]
[13sep2026 11:47:04.469] [Worker-Main-5/INFO] [DistantHorizons-DistantHorizons-com.seibel.distanthorizons.core.dependencyInjection.ModAccessorInjector/]: Registered mod compatibility accessor for: [iris].
[13sep2026 11:47:04.582] [Worker-Main-5/INFO] [DistantHorizons-DistantHorizons-com.seibel.distanthorizons.core.config.ConfigHandler/]: Initialising config for [DistantHorizons]
[13sep2026 11:47:04.853] [Worker-Main-5/INFO] [DistantHorizons-DistantHorizons-com.seibel.distanthorizons.core.config.ConfigHandler/]: [DistantHorizons] Config initialised
[13sep2026 11:47:04.888] [Worker-Main-5/INFO] [DistantHorizons-DistantHorizons-com.seibel.distanthorizons.core.config.eventHandlers.IgnoredDimensionCsvHandler/]: Dimension ignoring disabled, DH will render all dimensions.
[13sep2026 11:47:04.888] [Worker-Main-5/INFO] [com.seibel.distanthorizons.core.logging.DhLogger/]: Applying config to loggers
[13sep2026 11:47:05.059] [Worker-Main-5/WARN] [DistantHorizons-DistantHorizons-com.seibel.distanthorizons.common.AbstractModInitializer_neoforge/]: Partially Incompatible Distant Horizons mod detected: [Alex's Caves] may require some config changes in order to render Distant Horizons correctly.
[13sep2026 11:47:05.060] [Worker-Main-5/INFO] [DistantHorizons-DistantHorizons-com.seibel.distanthorizons.core.Initializer/]: Garbage collectors: [G1 Young Generation, G1 Concurrent GC, G1 Old Generation]
[13sep2026 11:47:05.060] [Worker-Main-5/WARN] [DistantHorizons-DistantHorizons-com.seibel.distanthorizons.core.Initializer/]: Distant Horizons: G1 Garbage collector detected.
This can cause FPS stuttering. 
It's recommended to use a concurrent garbage collector 
like ZGC (Java 21+) or Shenandoah (Java 8 through 17) 
for a smoother experience. 
This warning can be disabled in the DH config.
[13sep2026 11:47:05.069] [Worker-Main-5/INFO] [DistantHorizons-DistantHorizons-com.seibel.distanthorizons.core.Initializer/]: Explicit Garbage Collection: [Enabled]
[13sep2026 11:47:05.069] [Worker-Main-5/INFO] [DistantHorizons-DistantHorizons-com.seibel.distanthorizons.common.AbstractModInitializer_neoforge/]: Distant Horizons client Initialized.
[13sep2026 11:47:05.069] [Worker-Main-5/INFO] [DistantHorizons-DistantHorizons-com.seibel.distanthorizons.common.AbstractModInitializer_neoforge/]: Running Delayed setup...
[13sep2026 11:47:05.069] [Worker-Main-5/INFO] [DistantHorizons-DistantHorizons-com.seibel.distanthorizons.common.AbstractModInitializer_neoforge/]: Delayed setup complete, firing DhApiAfterDhInitEvent event...
[13sep2026 11:47:05.069] [Worker-Main-5/INFO] [Iris/]: DH Ready, binding Iris event handlers...
[13sep2026 11:47:05.088] [Worker-Main-5/INFO] [Iris/]: DH Iris events bound.
[13sep2026 11:47:05.090] [DH-PostClientInit Thread/INFO] [DistantHorizons-DistantHorizons-com.seibel.distanthorizons.common.wrappers.DependencySetup_neoforge/]: Setting DH Rendering API to: [OPEN_GL]...
[13sep2026 11:47:05.265] [DH-PostClientInit Thread/INFO] [DistantHorizons-DistantHorizons-com.seibel.distanthorizons.common.wrappers.DependencySetup_neoforge/]: DH Rendering successfully bound to: [OpenGL]...
[13sep2026 11:47:05.472] [Render thread/WARN] [Iris/]: Invalid pack option: GTAO
[13sep2026 11:47:05.472] [Render thread/WARN] [Iris/]: Invalid pack option: GTAO
[13sep2026 11:47:05.478] [Render thread/WARN] [Iris/]: Unable to resolve shader pack option menu element "WATER_REFRACTION" defined in shaders.properties
[13sep2026 11:47:05.478] [Render thread/WARN] [Iris/]: Unable to resolve shader pack option menu element "WATER_REFRACTION_INTENSITY" defined in shaders.properties
[13sep2026 11:47:05.478] [Render thread/WARN] [Iris/]: Unable to resolve shader pack option menu element "CLOUDS_DAILY_WEATHER" defined in shaders.properties
[13sep2026 11:47:05.479] [Render thread/WARN] [Iris/]: Unable to resolve shader pack option menu element "CLOUDS_CUMULUS_CONGESTUS_PRIMARY_STEPS_H" defined in shaders.properties
[13sep2026 11:47:05.479] [Render thread/WARN] [Iris/]: Unable to resolve shader pack option menu element "CLOUDS_CUMULUS_CONGESTUS_PRIMARY_STEPS_Z" defined in shaders.properties
[13sep2026 11:47:05.481] [Render thread/INFO] [Iris/]: Profile: Custom (+3 options changed by user)
[13sep2026 11:47:05.999] [Worker-Main-9/WARN] [net.minecraft.client.resources.model.ModelBakery/]: Unable to load model: 'midgard:block/pine_stairs_inner' referenced from: midgard:block/pine_stairs_inner: java.io.FileNotFoundException: midgard:models/block/pine_stairs_inner.json
[13sep2026 11:47:05.999] [Worker-Main-9/WARN] [net.minecraft.client.resources.model.ModelBakery/]: Unable to load model: 'midgard:block/pine_stairs_outer' referenced from: midgard:block/pine_stairs_outer: java.io.FileNotFoundException: midgard:models/block/pine_stairs_outer.json
[13sep2026 11:47:06.015] [Worker-Main-9/WARN] [net.minecraft.client.resources.model.ModelBakery/]: Unable to load model: 'midgard:block/aspen_stairs_inner' referenced from: midgard:block/aspen_stairs_inner: java.io.FileNotFoundException: midgard:models/block/aspen_stairs_inner.json
[13sep2026 11:47:06.016] [Worker-Main-9/WARN] [net.minecraft.client.resources.model.ModelBakery/]: Unable to load model: 'midgard:block/aspen_stairs_outer' referenced from: midgard:block/aspen_stairs_outer: java.io.FileNotFoundException: midgard:models/block/aspen_stairs_outer.json
[13sep2026 11:47:06.029] [Worker-Main-9/WARN] [net.minecraft.client.resources.model.ModelBakery/]: Unable to load model: 'midgard:block/maple_stairs_inner' referenced from: midgard:block/maple_stairs_inner: java.io.FileNotFoundException: midgard:models/block/maple_stairs_inner.json
[13sep2026 11:47:06.029] [Worker-Main-9/WARN] [net.minecraft.client.resources.model.ModelBakery/]: Unable to load model: 'midgard:block/maple_stairs_outer' referenced from: midgard:block/maple_stairs_outer: java.io.FileNotFoundException: midgard:models/block/maple_stairs_outer.json
[13sep2026 11:47:06.038] [Worker-Main-9/WARN] [net.minecraft.client.resources.model.BlockStateModelLoader/]: Exception loading blockstate definition: 'struts:blockstates/girder_strut_structure.json' missing model for variant: 'struts:girder_strut_structure#waterlogged=false'
[13sep2026 11:47:06.038] [Worker-Main-9/WARN] [net.minecraft.client.resources.model.BlockStateModelLoader/]: Exception loading blockstate definition: 'struts:blockstates/girder_strut_structure.json' missing model for variant: 'struts:girder_strut_structure#waterlogged=true'
[13sep2026 11:47:06.696] [Render thread/WARN] [Iris/]: Failed to parse an ResourceLocation in item.properties for the key item.10056: state properties are currently not supported: calibrated_sculk_sensor:sculk_sensor_phase=inactive
[13sep2026 11:47:06.696] [Render thread/WARN] [Iris/]: Failed to parse an ResourceLocation in item.properties for the key item.10056: state properties are currently not supported: calibrated_sculk_sensor:sculk_sensor_phase=cooldown
[13sep2026 11:47:06.696] [Render thread/WARN] [Iris/]: Failed to parse an ResourceLocation in item.properties for the key item.10057: state properties are currently not supported: calibrated_sculk_sensor:sculk_sensor_phase=active
[13sep2026 11:47:06.696] [Render thread/WARN] [Iris/]: Failed to parse an ResourceLocation in item.properties for the key item.10057: state properties are currently not supported: sculk_sensor:sculk_sensor_phase=active
[13sep2026 11:47:06.696] [Render thread/WARN] [Iris/]: Failed to parse an ResourceLocation in item.properties for the key item.10061: state properties are currently not supported: weathered_copper_bulb:lit=true
[13sep2026 11:47:06.696] [Render thread/WARN] [Iris/]: Failed to parse an ResourceLocation in item.properties for the key item.10061: state properties are currently not supported: oxidized_copper_bulb:lit=true
[13sep2026 11:47:06.696] [Render thread/WARN] [Iris/]: Failed to parse an ResourceLocation in item.properties for the key item.10061: state properties are currently not supported: waxed_weathered_copper_bulb:lit=true
[13sep2026 11:47:06.696] [Render thread/WARN] [Iris/]: Failed to parse an ResourceLocation in item.properties for the key item.10061: state properties are currently not supported: waxed_oxidized_copper_bulb:lit=true
[13sep2026 11:47:06.696] [Render thread/WARN] [Iris/]: Failed to parse an ResourceLocation in item.properties for the key item.10061: state properties are currently not supported: copper_bulb:lit=true
[13sep2026 11:47:06.696] [Render thread/WARN] [Iris/]: Failed to parse an ResourceLocation in item.properties for the key item.10061: state properties are currently not supported: exposed_copper_bulb:lit=true
[13sep2026 11:47:06.696] [Render thread/WARN] [Iris/]: Failed to parse an ResourceLocation in item.properties for the key item.10061: state properties are currently not supported: waxed_copper_bulb:lit=true
[13sep2026 11:47:06.696] [Render thread/WARN] [Iris/]: Failed to parse an ResourceLocation in item.properties for the key item.10061: state properties are currently not supported: waxed_exposed_copper_bulb:lit=true
[13sep2026 11:47:06.753] [Render thread/INFO] [Iris/]: Using shaderpack: photon_v1.3b.zip
[13sep2026 11:47:06.910] [Render thread/INFO] [xaero.map.WorldMap/]: Loading Xaero's World Map - Stage 2/2
[13sep2026 11:47:06.915] [Render thread/INFO] [xaero.map.WorldMap/]: New world map region cache hash code: 1717973017
[13sep2026 11:47:07.555] [Render thread/INFO] [xaero.map.WorldMap/]: Registered player tracker system: map_synced
[13sep2026 11:47:07.558] [Render thread/INFO] [xaero.map.WorldMap/]: Xaero's WorldMap Mod: Xaero's minimap found!
[13sep2026 11:47:07.562] [Render thread/INFO] [xaero.map.WorldMap/]: Registered player tracker system: minimap_synced
[13sep2026 11:47:07.562] [Render thread/INFO] [xaero.map.WorldMap/]: No Optifine!
[13sep2026 11:47:07.562] [Render thread/INFO] [xaero.map.WorldMap/]: Xaero's World Map: No Vivecraft!
[13sep2026 11:47:07.562] [Render thread/INFO] [xaero.map.WorldMap/]: Xaero's World Map: Framed Blocks found!
[13sep2026 11:47:07.562] [Render thread/INFO] [xaero.map.WorldMap/]: Xaero's World Map: Iris found!
[13sep2026 11:47:07.602] [Render thread/INFO] [xaero.minimap.XaeroMinimap/]: Loading Xaero's Minimap - Stage 2/2
[13sep2026 11:47:08.420] [Render thread/INFO] [xaero.hud.minimap.MinimapLogs/]: Registered player tracker system: minimap_synced
[13sep2026 11:47:08.427] [Render thread/INFO] [xaero.lib.XaeroLib/]: Loading XaeroLib common 2/2!
[13sep2026 11:47:08.427] [Render thread/INFO] [xaero.lib.XaeroLib/]: Loading XaeroLib client 2/2!
[13sep2026 11:47:09.812] [Worker-Main-9/WARN] [net.minecraft.client.resources.model.BlockStateModelLoader/]: Exception loading blockstate definition: 'cold_sweat:blockstates/slush.json' missing model for variant: 'cold_sweat:slush#level=9'
[13sep2026 11:47:09.812] [Worker-Main-9/WARN] [net.minecraft.client.resources.model.BlockStateModelLoader/]: Exception loading blockstate definition: 'cold_sweat:blockstates/slush.json' missing model for variant: 'cold_sweat:slush#level=5'
[13sep2026 11:47:09.812] [Worker-Main-9/WARN] [net.minecraft.client.resources.model.BlockStateModelLoader/]: Exception loading blockstate definition: 'cold_sweat:blockstates/slush.json' missing model for variant: 'cold_sweat:slush#level=6'
[13sep2026 11:47:09.812] [Worker-Main-9/WARN] [net.minecraft.client.resources.model.BlockStateModelLoader/]: Exception loading blockstate definition: 'cold_sweat:blockstates/slush.json' missing model for variant: 'cold_sweat:slush#level=7'
[13sep2026 11:47:09.812] [Worker-Main-9/WARN] [net.minecraft.client.resources.model.BlockStateModelLoader/]: Exception loading blockstate definition: 'cold_sweat:blockstates/slush.json' missing model for variant: 'cold_sweat:slush#level=8'
[13sep2026 11:47:09.812] [Worker-Main-9/WARN] [net.minecraft.client.resources.model.BlockStateModelLoader/]: Exception loading blockstate definition: 'cold_sweat:blockstates/slush.json' missing model for variant: 'cold_sweat:slush#level=1'
[13sep2026 11:47:09.812] [Worker-Main-9/WARN] [net.minecraft.client.resources.model.BlockStateModelLoader/]: Exception loading blockstate definition: 'cold_sweat:blockstates/slush.json' missing model for variant: 'cold_sweat:slush#level=2'
[13sep2026 11:47:09.812] [Worker-Main-9/WARN] [net.minecraft.client.resources.model.BlockStateModelLoader/]: Exception loading blockstate definition: 'cold_sweat:blockstates/slush.json' missing model for variant: 'cold_sweat:slush#level=3'
[13sep2026 11:47:09.812] [Worker-Main-9/WARN] [net.minecraft.client.resources.model.BlockStateModelLoader/]: Exception loading blockstate definition: 'cold_sweat:blockstates/slush.json' missing model for variant: 'cold_sweat:slush#level=4'
[13sep2026 11:47:09.812] [Worker-Main-9/WARN] [net.minecraft.client.resources.model.BlockStateModelLoader/]: Exception loading blockstate definition: 'cold_sweat:blockstates/slush.json' missing model for variant: 'cold_sweat:slush#level=15'
[13sep2026 11:47:09.812] [Worker-Main-9/WARN] [net.minecraft.client.resources.model.BlockStateModelLoader/]: Exception loading blockstate definition: 'cold_sweat:blockstates/slush.json' missing model for variant: 'cold_sweat:slush#level=14'
[13sep2026 11:47:09.812] [Worker-Main-9/WARN] [net.minecraft.client.resources.model.BlockStateModelLoader/]: Exception loading blockstate definition: 'cold_sweat:blockstates/slush.json' missing model for variant: 'cold_sweat:slush#level=0'
[13sep2026 11:47:09.812] [Worker-Main-9/WARN] [net.minecraft.client.resources.model.BlockStateModelLoader/]: Exception loading blockstate definition: 'cold_sweat:blockstates/slush.json' missing model for variant: 'cold_sweat:slush#level=11'
[13sep2026 11:47:09.812] [Worker-Main-9/WARN] [net.minecraft.client.resources.model.BlockStateModelLoader/]: Exception loading blockstate definition: 'cold_sweat:blockstates/slush.json' missing model for variant: 'cold_sweat:slush#level=10'
[13sep2026 11:47:09.812] [Worker-Main-9/WARN] [net.minecraft.client.resources.model.BlockStateModelLoader/]: Exception loading blockstate definition: 'cold_sweat:blockstates/slush.json' missing model for variant: 'cold_sweat:slush#level=13'
[13sep2026 11:47:09.812] [Worker-Main-9/WARN] [net.minecraft.client.resources.model.BlockStateModelLoader/]: Exception loading blockstate definition: 'cold_sweat:blockstates/slush.json' missing model for variant: 'cold_sweat:slush#level=12'
[13sep2026 11:47:09.930] [Worker-Main-9/WARN] [net.minecraft.client.resources.model.BlockStateModelLoader/]: Exception loading blockstate definition: 'createthrusters:blockstates/virtual_orientation_source.json' missing model for variant: 'createthrusters:virtual_orientation_source#facing=west'
[13sep2026 11:47:09.930] [Worker-Main-9/WARN] [net.minecraft.client.resources.model.BlockStateModelLoader/]: Exception loading blockstate definition: 'createthrusters:blockstates/virtual_orientation_source.json' missing model for variant: 'createthrusters:virtual_orientation_source#facing=down'
[13sep2026 11:47:09.930] [Worker-Main-9/WARN] [net.minecraft.client.resources.model.BlockStateModelLoader/]: Exception loading blockstate definition: 'createthrusters:blockstates/virtual_orientation_source.json' missing model for variant: 'createthrusters:virtual_orientation_source#facing=north'
[13sep2026 11:47:09.930] [Worker-Main-9/WARN] [net.minecraft.client.resources.model.BlockStateModelLoader/]: Exception loading blockstate definition: 'createthrusters:blockstates/virtual_orientation_source.json' missing model for variant: 'createthrusters:virtual_orientation_source#facing=up'
[13sep2026 11:47:09.930] [Worker-Main-9/WARN] [net.minecraft.client.resources.model.BlockStateModelLoader/]: Exception loading blockstate definition: 'createthrusters:blockstates/virtual_orientation_source.json' missing model for variant: 'createthrusters:virtual_orientation_source#facing=east'
[13sep2026 11:47:09.930] [Worker-Main-9/WARN] [net.minecraft.client.resources.model.BlockStateModelLoader/]: Exception loading blockstate definition: 'createthrusters:blockstates/virtual_orientation_source.json' missing model for variant: 'createthrusters:virtual_orientation_source#facing=south'
[13sep2026 11:47:09.930] [Worker-Main-9/WARN] [net.minecraft.client.resources.model.BlockStateModelLoader/]: Exception loading blockstate definition: 'createthrusters:blockstates/gyro_redstone_bridge.json' missing model for variant: 'createthrusters:gyro_redstone_bridge#facing=up'
[13sep2026 11:47:09.930] [Worker-Main-9/WARN] [net.minecraft.client.resources.model.BlockStateModelLoader/]: Exception loading blockstate definition: 'createthrusters:blockstates/gyro_redstone_bridge.json' missing model for variant: 'createthrusters:gyro_redstone_bridge#facing=down'
[13sep2026 11:47:09.930] [Worker-Main-9/WARN] [net.minecraft.client.resources.model.BlockStateModelLoader/]: Exception loading blockstate definition: 'createthrusters:blockstates/gyro_redstone_bridge.json' missing model for variant: 'createthrusters:gyro_redstone_bridge#facing=south'
[13sep2026 11:47:09.930] [Worker-Main-9/WARN] [net.minecraft.client.resources.model.BlockStateModelLoader/]: Exception loading blockstate definition: 'createthrusters:blockstates/gyro_redstone_bridge.json' missing model for variant: 'createthrusters:gyro_redstone_bridge#facing=north'
[13sep2026 11:47:09.930] [Worker-Main-9/WARN] [net.minecraft.client.resources.model.BlockStateModelLoader/]: Exception loading blockstate definition: 'createthrusters:blockstates/gyro_redstone_bridge.json' missing model for variant: 'createthrusters:gyro_redstone_bridge#facing=west'
[13sep2026 11:47:09.930] [Worker-Main-9/WARN] [net.minecraft.client.resources.model.BlockStateModelLoader/]: Exception loading blockstate definition: 'createthrusters:blockstates/gyro_redstone_bridge.json' missing model for variant: 'createthrusters:gyro_redstone_bridge#facing=east'
[13sep2026 11:47:10.146] [Worker-Main-9/WARN] [net.minecraft.client.resources.model.ModelBakery/]: Unable to load model: 'createthrusters:item/virtual_orientation_source' referenced from: createthrusters:item/virtual_orientation_source: java.io.FileNotFoundException: createthrusters:models/item/virtual_orientation_source.json
[13sep2026 11:47:10.172] [Worker-Main-9/WARN] [net.minecraft.client.resources.model.ModelBakery/]: Unable to load model: 'rocketnautics:item/credits_book' referenced from: rocketnautics:item/credits_book: java.io.FileNotFoundException: rocketnautics:models/item/credits_book.json
[13sep2026 11:47:10.193] [Worker-Main-9/WARN] [net.minecraft.client.resources.model.ModelBakery/]: Unable to load model: 'createthrusters:item/gyro_redstone_bridge' referenced from: createthrusters:item/gyro_redstone_bridge: java.io.FileNotFoundException: createthrusters:models/item/gyro_redstone_bridge.json
[13sep2026 11:47:10.224] [Worker-Main-9/WARN] [net.minecraft.client.resources.model.ModelBakery/]: Unable to load model: 'createthrusters:block/advanced_controller/clock' referenced from: createthrusters:block/advanced_controller/clock: java.io.FileNotFoundException: createthrusters:models/block/advanced_controller/clock.json
[13sep2026 11:47:10.224] [Worker-Main-9/WARN] [net.minecraft.client.resources.model.ModelBakery/]: Unable to load model: 'dndesires:block/gray_propeller' referenced from: dndesires:block/gray_propeller: java.io.FileNotFoundException: dndesires:models/block/gray_propeller.json
[13sep2026 11:47:10.225] [Worker-Main-9/WARN] [net.minecraft.client.resources.model.ModelBakery/]: Unable to load model: 'createthrusters:block/advanced_controller/throttle_lever' referenced from: createthrusters:block/advanced_controller/throttle_lever: java.io.FileNotFoundException: createthrusters:models/block/advanced_controller/throttle_lever.json
[13sep2026 11:47:10.226] [Worker-Main-9/WARN] [net.minecraft.client.resources.model.ModelBakery/]: Unable to load model: 'dndesires:block/red_propeller' referenced from: dndesires:block/red_propeller: java.io.FileNotFoundException: dndesires:models/block/red_propeller.json
[13sep2026 11:47:10.227] [Worker-Main-9/WARN] [net.minecraft.client.resources.model.ModelBakery/]: Unable to load model: 'dndesires:block/light_gray_propeller' referenced from: dndesires:block/light_gray_propeller: java.io.FileNotFoundException: dndesires:models/block/light_gray_propeller.json
[13sep2026 11:47:10.227] [Worker-Main-9/WARN] [net.minecraft.client.resources.model.ModelBakery/]: Unable to load model: 'createthrusters:block/advanced_controller/joystick' referenced from: createthrusters:block/advanced_controller/joystick: java.io.FileNotFoundException: createthrusters:models/block/advanced_controller/joystick.json
[13sep2026 11:47:10.228] [Worker-Main-9/WARN] [net.minecraft.client.resources.model.ModelBakery/]: Unable to load model: 'dndesires:block/purple_propeller' referenced from: dndesires:block/purple_propeller: java.io.FileNotFoundException: dndesires:models/block/purple_propeller.json
[13sep2026 11:47:10.228] [Worker-Main-9/WARN] [net.minecraft.client.resources.model.ModelBakery/]: Unable to load model: 'createthrusters:block/analogue_controller/clock' referenced from: createthrusters:block/analogue_controller/clock: java.io.FileNotFoundException: createthrusters:models/block/analogue_controller/clock.json
[13sep2026 11:47:10.228] [Worker-Main-9/WARN] [net.minecraft.client.resources.model.ModelBakery/]: Unable to load model: 'dndesires:block/black_propeller' referenced from: dndesires:block/black_propeller: java.io.FileNotFoundException: dndesires:models/block/black_propeller.json
[13sep2026 11:47:10.228] [Worker-Main-9/WARN] [net.minecraft.client.resources.model.ModelBakery/]: Unable to load model: 'dndesires:block/brown_propeller' referenced from: dndesires:block/brown_propeller: java.io.FileNotFoundException: dndesires:models/block/brown_propeller.json
[13sep2026 11:47:10.228] [Worker-Main-9/WARN] [net.minecraft.client.resources.model.ModelBakery/]: Unable to load model: 'dndesires:block/pink_propeller' referenced from: dndesires:block/pink_propeller: java.io.FileNotFoundException: dndesires:models/block/pink_propeller.json
[13sep2026 11:47:10.230] [Worker-Main-9/WARN] [net.minecraft.client.resources.model.ModelBakery/]: Unable to load model: 'dndesires:block/magenta_propeller' referenced from: dndesires:block/magenta_propeller: java.io.FileNotFoundException: dndesires:models/block/magenta_propeller.json
[13sep2026 11:47:10.230] [Worker-Main-9/WARN] [net.minecraft.client.resources.model.ModelBakery/]: Unable to load model: 'dndesires:block/light_blue_propeller' referenced from: dndesires:block/light_blue_propeller: java.io.FileNotFoundException: dndesires:models/block/light_blue_propeller.json
[13sep2026 11:47:10.230] [Worker-Main-9/WARN] [net.minecraft.client.resources.model.ModelBakery/]: Unable to load model: 'createthrusters:block/analogue_controller/joystick' referenced from: createthrusters:block/analogue_controller/joystick: java.io.FileNotFoundException: createthrusters:models/block/analogue_controller/joystick.json
[13sep2026 11:47:10.235] [Worker-Main-9/WARN] [net.minecraft.client.resources.model.ModelBakery/]: Unable to load model: 'dndesires:block/cyan_propeller' referenced from: dndesires:block/cyan_propeller: java.io.FileNotFoundException: dndesires:models/block/cyan_propeller.json
[13sep2026 11:47:10.236] [Worker-Main-9/WARN] [net.minecraft.client.resources.model.ModelBakery/]: Unable to load model: 'dndesires:block/white_propeller' referenced from: dndesires:block/white_propeller: java.io.FileNotFoundException: dndesires:models/block/white_propeller.json
[13sep2026 11:47:10.237] [Worker-Main-9/WARN] [net.minecraft.client.resources.model.ModelBakery/]: Unable to load model: 'dndesires:block/yellow_propeller' referenced from: dndesires:block/yellow_propeller: java.io.FileNotFoundException: dndesires:models/block/yellow_propeller.json
[13sep2026 11:47:10.237] [Worker-Main-9/WARN] [net.minecraft.client.resources.model.ModelBakery/]: Unable to load model: 'createthrusters:block/analogue_controller/button_1' referenced from: createthrusters:block/analogue_controller/button_1: java.io.FileNotFoundException: createthrusters:models/block/analogue_controller/button_1.json
[13sep2026 11:47:10.237] [Worker-Main-9/WARN] [net.minecraft.client.resources.model.ModelBakery/]: Unable to load model: 'dndesires:block/orange_propeller' referenced from: dndesires:block/orange_propeller: java.io.FileNotFoundException: dndesires:models/block/orange_propeller.json
[13sep2026 11:47:10.237] [Worker-Main-9/WARN] [net.minecraft.client.resources.model.ModelBakery/]: Unable to load model: 'createthrusters:block/analogue_controller/button_2' referenced from: createthrusters:block/analogue_controller/button_2: java.io.FileNotFoundException: createthrusters:models/block/analogue_controller/button_2.json
[13sep2026 11:47:10.237] [Worker-Main-9/WARN] [net.minecraft.client.resources.model.ModelBakery/]: Unable to load model: 'createthrusters:block/analogue_controller/button_3' referenced from: createthrusters:block/analogue_controller/button_3: java.io.FileNotFoundException: createthrusters:models/block/analogue_controller/button_3.json
[13sep2026 11:47:10.237] [Worker-Main-9/WARN] [net.minecraft.client.resources.model.ModelBakery/]: Unable to load model: 'createthrusters:block/analogue_controller/button_4' referenced from: createthrusters:block/analogue_controller/button_4: java.io.FileNotFoundException: createthrusters:models/block/analogue_controller/button_4.json
[13sep2026 11:47:10.237] [Worker-Main-9/WARN] [net.minecraft.client.resources.model.ModelBakery/]: Unable to load model: 'createthrusters:block/analogue_controller/button_5' referenced from: createthrusters:block/analogue_controller/button_5: java.io.FileNotFoundException: createthrusters:models/block/analogue_controller/button_5.json
[13sep2026 11:47:10.237] [Worker-Main-9/WARN] [net.minecraft.client.resources.model.ModelBakery/]: Unable to load model: 'createthrusters:block/analogue_controller/button_6' referenced from: createthrusters:block/analogue_controller/button_6: java.io.FileNotFoundException: createthrusters:models/block/analogue_controller/button_6.json
[13sep2026 11:47:10.237] [Worker-Main-9/WARN] [net.minecraft.client.resources.model.ModelBakery/]: Unable to load model: 'createthrusters:block/analogue_controller/button_7' referenced from: createthrusters:block/analogue_controller/button_7: java.io.FileNotFoundException: createthrusters:models/block/analogue_controller/button_7.json
[13sep2026 11:47:10.237] [Worker-Main-9/WARN] [net.minecraft.client.resources.model.ModelBakery/]: Unable to load model: 'createthrusters:block/analogue_controller/button_8' referenced from: createthrusters:block/analogue_controller/button_8: java.io.FileNotFoundException: createthrusters:models/block/analogue_controller/button_8.json
[13sep2026 11:47:10.237] [Worker-Main-9/WARN] [net.minecraft.client.resources.model.ModelBakery/]: Unable to load model: 'createthrusters:block/analogue_controller/button_9' referenced from: createthrusters:block/analogue_controller/button_9: java.io.FileNotFoundException: createthrusters:models/block/analogue_controller/button_9.json
[13sep2026 11:47:10.237] [Worker-Main-9/WARN] [net.minecraft.client.resources.model.ModelBakery/]: Unable to load model: 'create:block/belt' referenced from: tracks:block/track_link: java.io.FileNotFoundException: create:models/block/belt.json
[13sep2026 11:47:10.237] [Worker-Main-9/WARN] [net.minecraft.client.resources.model.ModelBakery/]: Unable to load model: 'dndesires:block/lime_propeller' referenced from: dndesires:block/lime_propeller: java.io.FileNotFoundException: dndesires:models/block/lime_propeller.json
[13sep2026 11:47:10.238] [Worker-Main-9/WARN] [net.minecraft.client.resources.model.ModelBakery/]: Unable to load model: 'createthrusters:block/advanced_controller/button_3' referenced from: createthrusters:block/advanced_controller/button_3: java.io.FileNotFoundException: createthrusters:models/block/advanced_controller/button_3.json
[13sep2026 11:47:10.238] [Worker-Main-9/WARN] [net.minecraft.client.resources.model.ModelBakery/]: Unable to load model: 'createthrusters:block/advanced_controller/button_2' referenced from: createthrusters:block/advanced_controller/button_2: java.io.FileNotFoundException: createthrusters:models/block/advanced_controller/button_2.json
[13sep2026 11:47:10.238] [Worker-Main-9/WARN] [net.minecraft.client.resources.model.ModelBakery/]: Unable to load model: 'createthrusters:block/advanced_controller/button_1' referenced from: createthrusters:block/advanced_controller/button_1: java.io.FileNotFoundException: createthrusters:models/block/advanced_controller/button_1.json
[13sep2026 11:47:10.238] [Worker-Main-9/WARN] [net.minecraft.client.resources.model.ModelBakery/]: Unable to load model: 'createthrusters:block/analogue_controller/throttle_lever' referenced from: createthrusters:block/analogue_controller/throttle_lever: java.io.FileNotFoundException: createthrusters:models/block/analogue_controller/throttle_lever.json
[13sep2026 11:47:10.238] [Worker-Main-9/WARN] [net.minecraft.client.resources.model.ModelBakery/]: Unable to load model: 'dndesires:block/green_propeller' referenced from: dndesires:block/green_propeller: java.io.FileNotFoundException: dndesires:models/block/green_propeller.json
[13sep2026 11:47:10.238] [Worker-Main-9/WARN] [net.minecraft.client.resources.model.ModelBakery/]: Unable to load model: 'electroenergetics:block/duplex_wire_segment' referenced from: electroenergetics:block/duplex_wire_segment: java.io.FileNotFoundException: electroenergetics:models/block/duplex_wire_segment.json
[13sep2026 11:47:10.238] [Worker-Main-9/WARN] [net.minecraft.client.resources.model.ModelBakery/]: Unable to load model: 'dndesires:block/blue_propeller' referenced from: dndesires:block/blue_propeller: java.io.FileNotFoundException: dndesires:models/block/blue_propeller.json
[13sep2026 11:47:10.240] [Worker-Main-9/WARN] [net.minecraft.client.resources.model.ModelBakery/]: Unable to load model: 'createthrusters:block/advanced_controller/button_7' referenced from: createthrusters:block/advanced_controller/button_7: java.io.FileNotFoundException: createthrusters:models/block/advanced_controller/button_7.json
[13sep2026 11:47:10.240] [Worker-Main-9/WARN] [net.minecraft.client.resources.model.ModelBakery/]: Unable to load model: 'createthrusters:block/advanced_controller/button_6' referenced from: createthrusters:block/advanced_controller/button_6: java.io.FileNotFoundException: createthrusters:models/block/advanced_controller/button_6.json
[13sep2026 11:47:10.240] [Worker-Main-9/WARN] [net.minecraft.client.resources.model.ModelBakery/]: Unable to load model: 'createthrusters:block/advanced_controller/button_5' referenced from: createthrusters:block/advanced_controller/button_5: java.io.FileNotFoundException: createthrusters:models/block/advanced_controller/button_5.json
[13sep2026 11:47:10.240] [Worker-Main-9/WARN] [net.minecraft.client.resources.model.ModelBakery/]: Unable to load model: 'createthrusters:block/advanced_controller/button_4' referenced from: createthrusters:block/advanced_controller/button_4: java.io.FileNotFoundException: createthrusters:models/block/advanced_controller/button_4.json
[13sep2026 11:47:10.240] [Worker-Main-9/WARN] [net.minecraft.client.resources.model.ModelBakery/]: Unable to load model: 'createthrusters:block/advanced_controller/button_9' referenced from: createthrusters:block/advanced_controller/button_9: java.io.FileNotFoundException: createthrusters:models/block/advanced_controller/button_9.json
[13sep2026 11:47:10.240] [Worker-Main-9/WARN] [net.minecraft.client.resources.model.ModelBakery/]: Unable to load model: 'createthrusters:block/advanced_controller/button_8' referenced from: createthrusters:block/advanced_controller/button_8: java.io.FileNotFoundException: createthrusters:models/block/advanced_controller/button_8.json
[13sep2026 11:47:19.341] [Worker-Main-9/WARN] [net.minecraft.client.resources.model.ModelManager/]: Missing textures in model displaydelight:ctd_plated_mutton_sandwich#inventory:
    minecraft:textures/atlas/blocks.png:displaydelight:block/bowl
[13sep2026 11:47:19.341] [Worker-Main-9/WARN] [net.minecraft.client.resources.model.ModelManager/]: Missing textures in model pantographsandwires:cantilever_green#facing=north,rotation=0:
    minecraft:textures/atlas/blocks.png:pantographsandwires:block/cantilever_green
[13sep2026 11:47:19.341] [Worker-Main-9/WARN] [net.minecraft.client.resources.model.ModelManager/]: Missing textures in model displaydelight:bnc_vegetable_omelet#facing=east,support=false:
    minecraft:textures/atlas/blocks.png:displaydelight:block/bowl
[13sep2026 11:47:19.341] [Worker-Main-9/WARN] [net.minecraft.client.resources.model.ModelManager/]: Missing textures in model displaydelight:edd_dragon_meat_stew#facing=north,support=false:
    minecraft:textures/atlas/blocks.png:displaydelight:block/bowl
[13sep2026 11:47:19.341] [Worker-Main-9/WARN] [net.minecraft.client.resources.model.ModelManager/]: Missing textures in model displaydelight:ctd_plated_tropical_roll#facing=north,plate_hidden=true,stacks=3,support=true:
    minecraft:textures/atlas/blocks.png:displaydelight:block/bowl
[13sep2026 11:47:19.341] [Worker-Main-9/WARN] [net.minecraft.client.resources.model.ModelManager/]: Missing textures in model displaydelight:crd_plated_shrimp_skewer#inventory:
    minecraft:textures/atlas/blocks.png:displaydelight:block/bowl
[13sep2026 11:47:19.341] [Worker-Main-9/WARN] [net.minecraft.client.resources.model.ModelManager/]: Missing textures in model displaydelight:ctd_plated_pufferfish_roll#inventory:
    minecraft:textures/atlas/blocks.png:displaydelight:block/bowl
[13sep2026 11:47:19.341] [Worker-Main-9/WARN] [net.minecraft.client.resources.model.ModelManager/]: Missing textures in model displaydelight:abd_small_plated_strawberry_cake_slice#facing=west,plate_hidden=true,support=false:
    minecraft:textures/atlas/blocks.png:displaydelight:block/bowl
[13sep2026 11:47:19.341] [Worker-Main-9/WARN] [net.minecraft.client.resources.model.ModelManager/]: Missing textures in model displaydelight:abd_small_plated_mint_cake_slice#facing=south,plate_hidden=false,support=false:
    minecraft:textures/atlas/blocks.png:displaydelight:block/bowl
[13sep2026 11:47:19.341] [Worker-Main-9/WARN] [net.minecraft.client.resources.model.ModelManager/]: Missing textures in model displaydelight:acd_plated_catfish_barbecue#facing=east,plate_hidden=false,stacks=6,support=true:
    minecraft:textures/atlas/blocks.png:displaydelight:block/bowl
[13sep2026 11:47:19.341] [Worker-Main-9/WARN] [net.minecraft.client.resources.model.ModelManager/]: Missing textures in model displaydelight:plated_cabbage_rolls#facing=south,plate_hidden=false,stacks=6,support=true:
    minecraft:textures/atlas/blocks.png:displaydelight:block/bowl
[13sep2026 11:47:19.341] [Worker-Main-9/WARN] [net.minecraft.client.resources.model.ModelManager/]: Missing textures in model displaydelight:ed_sweet_potato_salad#facing=north,support=true:
    minecraft:textures/atlas/blocks.png:displaydelight:block/bowl
[13sep2026 11:47:19.341] [Worker-Main-9/WARN] [net.minecraft.client.resources.model.ModelManager/]: Missing textures in model displaydelight:plated_egg_sandwich#inventory:
    minecraft:textures/atlas/blocks.png:displaydelight:block/bowl
[13sep2026 11:47:19.341] [Worker-Main-9/WARN] [net.minecraft.client.resources.model.ModelManager/]: Missing textures in model displaydelight:abd_small_plated_chocolate_cake_slice#facing=north,plate_hidden=false,support=false:
    minecraft:textures/atlas/blocks.png:displaydelight:block/bowl
[13sep2026 11:47:19.341] [Worker-Main-9/WARN] [net.minecraft.client.resources.model.ModelManager/]: Missing textures in model displaydelight:crd_plated_fish_stick#facing=south,plate_hidden=false,stacks=5,support=true:
    minecraft:textures/atlas/blocks.png:displaydelight:block/bowl
[13sep2026 11:47:19.341] [Worker-Main-9/WARN] [net.minecraft.client.resources.model.ModelManager/]: Missing textures in model displaydelight:pasta_with_meatballs#inventory:
    minecraft:textures/atlas/blocks.png:displaydelight:block/bowl
[13sep2026 11:47:19.341] [Worker-Main-9/WARN] [net.minecraft.client.resources.model.ModelManager/]: Missing textures in model oceansdelight:guardian_soup#facing=north,servings=0:
    minecraft:textures/atlas/blocks.png:farmersdelight:block/tray_pie_leftover
[13sep2026 11:47:19.341] [Worker-Main-9/WARN] [net.minecraft.client.resources.model.ModelManager/]: Missing textures in model displaydelight:acd_tuna_spaghetti#facing=east,support=false:
    minecraft:textures/atlas/blocks.png:displaydelight:block/bowl
[13sep2026 11:47:19.341] [Worker-Main-9/WARN] [net.minecraft.client.resources.model.ModelManager/]: Missing textures in model displaydelight:mnd_plated_chilidog#facing=north,plate_hidden=false,stacks=2,support=true:
    minecraft:textures/atlas/blocks.png:mynethersdelight:item/chilidog
[13sep2026 11:47:19.341] [Worker-Main-9/WARN] [net.minecraft.client.resources.model.ModelManager/]: Missing textures in model displaydelight:od_plated_elder_guardian_roll#inventory:
    minecraft:textures/atlas/blocks.png:displaydelight:block/bowl
[13sep2026 11:47:19.341] [Worker-Main-9/WARN] [net.minecraft.client.resources.model.ModelManager/]: Missing textures in model displaydelight:plated_dumplings#inventory:
    minecraft:textures/atlas/blocks.png:displaydelight:block/bowl
[13sep2026 11:47:19.341] [Worker-Main-9/WARN] [net.minecraft.client.resources.model.ModelManager/]: Missing textures in model displaydelight:ctd_plated_pufferfish_roll#facing=west,plate_hidden=false,stacks=2,support=true:
    minecraft:textures/atlas/blocks.png:displaydelight:block/bowl
[13sep2026 11:47:19.341] [Worker-Main-9/WARN] [net.minecraft.client.resources.model.ModelManager/]: Missing textures in model displaydelight:mnd_giant_takoyaki#facing=south,support=true:
    minecraft:textures/atlas/blocks.png:displaydelight:block/bowl
[13sep2026 11:47:19.341] [Worker-Main-9/WARN] [net.minecraft.client.resources.model.ModelManager/]: Missing textures in model displaydelight:lm_mushroom_pot_pie#inventory:
    minecraft:textures/atlas/blocks.png:displaydelight:block/bowl
[13sep2026 11:47:19.341] [Worker-Main-9/WARN] [net.minecraft.client.resources.model.ModelManager/]: Missing textures in model displaydelight:pd_small_plated_pineapple_cake_slice#inventory:
    minecraft:textures/atlas/blocks.png:displaydelight:block/bowl
[13sep2026 11:47:19.341] [Worker-Main-9/WARN] [net.minecraft.client.resources.model.ModelManager/]: Missing textures in model displaydelight:plated_cod_roll#facing=west,plate_hidden=true,stacks=5,support=true:
    minecraft:textures/atlas/blocks.png:displaydelight:block/bowl
[13sep2026 11:47:19.341] [Worker-Main-9/WARN] [net.minecraft.client.resources.model.ModelManager/]: Missing textures in model displaydelight:ratatouille#inventory:
    minecraft:textures/atlas/blocks.png:displaydelight:block/bowl
[13sep2026 11:47:19.341] [Worker-Main-9/WARN] [net.minecraft.client.resources.model.ModelManager/]: Missing textures in model displaydelight:ratatouille#facing=north,support=false:
    minecraft:textures/atlas/blocks.png:displaydelight:block/bowl
[13sep2026 11:47:19.341] [Worker-Main-9/WARN] [net.minecraft.client.resources.model.ModelManager/]: Missing textures in model displaydelight:ctd_small_plated_midori_roll_slice#inventory:
    minecraft:textures/atlas/blocks.png:displaydelight:block/bowl
[13sep2026 11:47:19.341] [Worker-Main-9/WARN] [net.minecraft.client.resources.model.ModelManager/]: Missing textures in model displaydelight:plated_barbecue_stick#inventory:
    minecraft:textures/atlas/blocks.png:displaydelight:block/bowl
[13sep2026 11:47:19.341] [Worker-Main-9/WARN] [net.minecraft.client.resources.model.ModelManager/]: Missing textures in model displaydelight:fr_small_plated_coffee_cake_slice#facing=north,plate_hidden=false,support=false:
    minecraft:textures/atlas/blocks.png:displaydelight:block/bowl
[13sep2026 11:47:19.341] [Worker-Main-9/WARN] [net.minecraft.client.resources.model.ModelManager/]: Missing textures in model displaydelight:ed_cranberry_chicken#inventory:
    minecraft:textures/atlas/blocks.png:displaydelight:block/bowl
[13sep2026 11:47:19.341] [Worker-Main-9/WARN] [net.minecraft.client.resources.model.ModelManager/]: Missing textures in model displaydelight:abd_small_plated_yucca_gateau_slice#inventory:
    minecraft:textures/atlas/blocks.png:displaydelight:block/bowl
[13sep2026 11:47:19.341] [Worker-Main-9/WARN] [net.minecraft.client.resources.model.ModelManager/]: Missing textures in model displaydelight:plated_melon_popsicle#inventory:
    minecraft:textures/atlas/blocks.png:displaydelight:block/bowl
[13sep2026 11:47:19.341] [Worker-Main-9/WARN] [net.minecraft.client.resources.model.ModelManager/]: Missing textures in model displaydelight:pd_small_plated_pineapple_cake_slice#facing=north,plate_hidden=false,support=true:
    minecraft:textures/atlas/blocks.png:displaydelight:block/bowl
[13sep2026 11:47:19.341] [Worker-Main-9/WARN] [net.minecraft.client.resources.model.ModelManager/]: Missing textures in model displaydelight:crd_plated_stuffed_nautilus_shell#facing=south,plate_hidden=true,stacks=6,support=true:
    minecraft:textures/atlas/blocks.png:displaydelight:block/bowl
[13sep2026 11:47:19.341] [Worker-Main-9/WARN] [net.minecraft.client.resources.model.ModelManager/]: Missing textures in model ramadandelight:knafeh_tray_block#facing=north,servings=0:
    minecraft:textures/atlas/blocks.png:farmersdelight:block/tray_top
[13sep2026 11:47:19.341] [Worker-Main-9/WARN] [net.minecraft.client.resources.model.ModelManager/]: Missing textures in model ramadandelight:knafeh_tray_block#facing=north,servings=2:
    minecraft:textures/atlas/blocks.png:farmersdelight:block/tray_top
[13sep2026 11:47:19.341] [Worker-Main-9/WARN] [net.minecraft.client.resources.model.ModelManager/]: Missing textures in model ramadandelight:knafeh_tray_block#facing=north,servings=1:
    minecraft:textures/atlas/blocks.png:farmersdelight:block/tray_top
[13sep2026 11:47:19.341] [Worker-Main-9/WARN] [net.minecraft.client.resources.model.ModelManager/]: Missing textures in model ramadandelight:knafeh_tray_block#facing=north,servings=4:
    minecraft:textures/atlas/blocks.png:farmersdelight:block/tray_top
[13sep2026 11:47:19.341] [Worker-Main-9/WARN] [net.minecraft.client.resources.model.ModelManager/]: Missing textures in model ramadandelight:knafeh_tray_block#facing=north,servings=3:
    minecraft:textures/atlas/blocks.png:farmersdelight:block/tray_top
[13sep2026 11:47:19.341] [Worker-Main-9/WARN] [net.minecraft.client.resources.model.ModelManager/]: Missing textures in model displaydelight:mushroom_rice#inventory:
    minecraft:textures/atlas/blocks.png:displaydelight:block/bowl
[13sep2026 11:47:19.341] [Worker-Main-9/WARN] [net.minecraft.client.resources.model.ModelManager/]: Missing textures in model displaydelight:ctd_small_plated_midori_roll_slice#facing=east,plate_hidden=true,support=false:
    minecraft:textures/atlas/blocks.png:displaydelight:block/bowl
[13sep2026 11:47:19.341] [Worker-Main-9/WARN] [net.minecraft.client.resources.model.ModelManager/]: Missing textures in model displaydelight:ed_plated_cranberry_goat_cheese_toast#inventory:
    minecraft:textures/atlas/blocks.png:displaydelight:block/bowl
[13sep2026 11:47:19.341] [Worker-Main-9/WARN] [net.minecraft.client.resources.model.ModelManager/]: Missing textures in model createthrusters:alternator#inventory:
    minecraft:textures/atlas/blocks.png:createthrusters:block/alternator/alternator_main
[13sep2026 11:47:19.341] [Worker-Main-9/WARN] [net.minecraft.client.resources.model.ModelManager/]: Missing textures in model displaydelight:small_plated_cabbage_rolls#inventory:
    minecraft:textures/atlas/blocks.png:displaydelight:block/bowl
[13sep2026 11:47:19.341] [Worker-Main-9/WARN] [net.minecraft.client.resources.model.ModelManager/]: Missing textures in model displaydelight:bnc_horror_lasagna#inventory:
    minecraft:textures/atlas/blocks.png:brewinandchewin:item/horror_lasagna
[13sep2026 11:47:19.341] [Worker-Main-9/WARN] [net.minecraft.client.resources.model.ModelManager/]: Missing textures in model ramadandelight:knafeh_tray_block#facing=south,servings=1:
    minecraft:textures/atlas/blocks.png:farmersdelight:block/tray_top
[13sep2026 11:47:19.341] [Worker-Main-9/WARN] [net.minecraft.client.resources.model.ModelManager/]: Missing textures in model displaydelight:plated_dumplings#facing=east,plate_hidden=true,stacks=4,support=true:
    minecraft:textures/atlas/blocks.png:displaydelight:block/bowl
[13sep2026 11:47:19.341] [Worker-Main-9/WARN] [net.minecraft.client.resources.model.ModelManager/]: Missing textures in model displaydelight:ctd_plated_egg_roll#inventory:
    minecraft:textures/atlas/blocks.png:displaydelight:block/bowl
[13sep2026 11:47:19.341] [Worker-Main-9/WARN] [net.minecraft.client.resources.model.ModelManager/]: Missing textures in model ramadandelight:knafeh_tray_block#facing=south,servings=2:
    minecraft:textures/atlas/blocks.png:farmersdelight:block/tray_top
[13sep2026 11:47:19.341] [Worker-Main-9/WARN] [net.minecraft.client.resources.model.ModelManager/]: Missing textures in model ramadandelight:knafeh_tray_block#facing=south,servings=3:
    minecraft:textures/atlas/blocks.png:farmersdelight:block/tray_top
[13sep2026 11:47:19.341] [Worker-Main-9/WARN] [net.minecraft.client.resources.model.ModelManager/]: Missing textures in model ramadandelight:knafeh_tray_block#facing=south,servings=4:
    minecraft:textures/atlas/blocks.png:farmersdelight:block/tray_top
[13sep2026 11:47:19.341] [Worker-Main-9/WARN] [net.minecraft.client.resources.model.ModelManager/]: Missing textures in model displaydelight:od_plated_baked_tentacle_on_a_stick#facing=east,plate_hidden=true,stacks=4,support=true:
    minecraft:textures/atlas/blocks.png:displaydelight:block/bowl
[13sep2026 11:47:19.341] [Worker-Main-9/WARN] [net.minecraft.client.resources.model.ModelManager/]: Missing textures in model displaydelight:abd_small_plated_banana_cake_slice#facing=east,plate_hidden=true,support=true:
    minecraft:textures/atlas/blocks.png:displaydelight:block/bowl
[13sep2026 11:47:19.341] [Worker-Main-9/WARN] [net.minecraft.client.resources.model.ModelManager/]: Missing textures in model ramadandelight:knafeh_tray_block#facing=south,servings=0:
    minecraft:textures/atlas/blocks.png:farmersdelight:block/tray_top
[13sep2026 11:47:19.341] [Worker-Main-9/WARN] [net.minecraft.client.resources.model.ModelManager/]: Missing textures in model displaydelight:plated_salmon_roll#facing=south,plate_hidden=true,stacks=1,support=true:
    minecraft:textures/atlas/blocks.png:displaydelight:block/bowl
[13sep2026 11:47:19.341] [Worker-Main-9/WARN] [net.minecraft.client.resources.model.ModelManager/]: Missing textures in model displaydelight:mnd_plated_chilidog#inventory:
    minecraft:textures/atlas/blocks.png:mynethersdelight:item/chilidog
[13sep2026 11:47:19.341] [Worker-Main-9/WARN] [net.minecraft.client.resources.model.ModelManager/]: Missing textures in model displaydelight:acd_buckling#inventory:
    minecraft:textures/atlas/blocks.png:displaydelight:block/bowl
[13sep2026 11:47:19.343] [Worker-Main-9/WARN] [net.minecraft.client.resources.model.ModelManager/]: Missing textures in model displaydelight:plated_stuffed_potato#inventory:
    minecraft:textures/atlas/blocks.png:displaydelight:block/bowl
[13sep2026 11:47:19.343] [Worker-Main-9/WARN] [net.minecraft.client.resources.model.ModelManager/]: Missing textures in model displaydelight:fr_small_plated_coffee_cake_slice#inventory:
    minecraft:textures/atlas/blocks.png:displaydelight:block/bowl
[13sep2026 11:47:19.343] [Worker-Main-9/WARN] [net.minecraft.client.resources.model.ModelManager/]: Missing textures in model displaydelight:mushroom_rice#facing=north,support=false:
    minecraft:textures/atlas/blocks.png:displaydelight:block/bowl
[13sep2026 11:47:19.343] [Worker-Main-9/WARN] [net.minecraft.client.resources.model.ModelManager/]: Missing textures in model oceansdelight:guardian_soup#facing=south,servings=3:
    minecraft:textures/atlas/blocks.png:farmersdelight:block/tray_pie_leftover
[13sep2026 11:47:19.343] [Worker-Main-9/WARN] [net.minecraft.client.resources.model.ModelManager/]: Missing textures in model displaydelight:mnd_small_plated_magma_cake_slice#facing=east,plate_hidden=false,support=false:
    minecraft:textures/atlas/blocks.png:displaydelight:block/bowl
[13sep2026 11:47:19.343] [Worker-Main-9/WARN] [net.minecraft.client.resources.model.ModelManager/]: Missing textures in model oceansdelight:guardian_soup#facing=south,servings=4:
    minecraft:textures/atlas/blocks.png:farmersdelight:block/tray_pie_leftover
[13sep2026 11:47:19.343] [Worker-Main-9/WARN] [net.minecraft.client.resources.model.ModelManager/]: Missing textures in model oceansdelight:guardian_soup#facing=south,servings=1:
    minecraft:textures/atlas/blocks.png:farmersdelight:block/tray_pie_leftover
[13sep2026 11:47:19.343] [Worker-Main-9/WARN] [net.minecraft.client.resources.model.ModelManager/]: Missing textures in model oceansdelight:guardian_soup#facing=south,servings=2:
    minecraft:textures/atlas/blocks.png:farmersdelight:block/tray_pie_leftover
[13sep2026 11:47:19.343] [Worker-Main-9/WARN] [net.minecraft.client.resources.model.ModelManager/]: Missing textures in model displaydelight:plated_chicken_sandwich#facing=east,plate_hidden=true,stacks=3,support=true:
    minecraft:textures/atlas/blocks.png:displaydelight:block/bowl
[13sep2026 11:47:19.343] [Worker-Main-9/WARN] [net.minecraft.client.resources.model.ModelManager/]: Missing textures in model displaydelight:small_food_plate#support=true:
    minecraft:textures/atlas/blocks.png:displaydelight:block/bowl
[13sep2026 11:47:19.343] [Worker-Main-9/WARN] [net.minecraft.client.resources.model.ModelManager/]: Missing textures in model displaydelight:vegetable_noodles#inventory:
    minecraft:textures/atlas/blocks.png:displaydelight:block/bowl
[13sep2026 11:47:19.343] [Worker-Main-9/WARN] [net.minecraft.client.resources.model.ModelManager/]: Missing textures in model displaydelight:pasta_with_meatballs#facing=east,support=true:
    minecraft:textures/atlas/blocks.png:displaydelight:block/bowl
[13sep2026 11:47:19.343] [Worker-Main-9/WARN] [net.minecraft.client.resources.model.ModelManager/]: Missing textures in model displaydelight:plated_cabbage_rolls#inventory:
    minecraft:textures/atlas/blocks.png:displaydelight:block/bowl
[13sep2026 11:47:19.343] [Worker-Main-9/WARN] [net.minecraft.client.resources.model.ModelManager/]: Missing textures in model displaydelight:acd_plated_catfish_barbecue#inventory:
    minecraft:textures/atlas/blocks.png:displaydelight:block/bowl
[13sep2026 11:47:19.343] [Worker-Main-9/WARN] [net.minecraft.client.resources.model.ModelManager/]: Missing textures in model oceansdelight:guardian_soup#facing=south,servings=0:
    minecraft:textures/atlas/blocks.png:farmersdelight:block/tray_pie_leftover
[13sep2026 11:47:19.343] [Worker-Main-9/WARN] [net.minecraft.client.resources.model.ModelManager/]: Missing textures in model displaydelight:crd_clam_bake#inventory:
    minecraft:textures/atlas/blocks.png:displaydelight:block/bowl
[13sep2026 11:47:19.343] [Worker-Main-9/WARN] [net.minecraft.client.resources.model.ModelManager/]: Missing textures in model displaydelight:abd_small_plated_adzuki_cake_slice#inventory:
    minecraft:textures/atlas/blocks.png:displaydelight:block/bowl
[13sep2026 11:47:19.343] [Worker-Main-9/WARN] [net.minecraft.client.resources.model.ModelManager/]: Missing textures in model displaydelight:mnd_small_plated_magma_cake_slice#inventory:
    minecraft:textures/atlas/blocks.png:displaydelight:block/bowl
[13sep2026 11:47:19.343] [Worker-Main-9/WARN] [net.minecraft.client.resources.model.ModelManager/]: Missing textures in model displaydelight:edd_dragon_meat_stew#inventory:
    minecraft:textures/atlas/blocks.png:displaydelight:block/bowl
[13sep2026 11:47:19.343] [Worker-Main-9/WARN] [net.minecraft.client.resources.model.ModelManager/]: Missing textures in model displaydelight:crd_clam_bake#facing=west,support=false:
    minecraft:textures/atlas/blocks.png:displaydelight:block/bowl
[13sep2026 11:47:19.343] [Worker-Main-9/WARN] [net.minecraft.client.resources.model.ModelManager/]: Missing textures in model displaydelight:plated_barbecue_stick#facing=east,plate_hidden=true,stacks=5,support=true:
    minecraft:textures/atlas/blocks.png:displaydelight:block/bowl
[13sep2026 11:47:19.343] [Worker-Main-9/WARN] [net.minecraft.client.resources.model.ModelManager/]: Missing textures in model displaydelight:ctd_plated_mutton_sandwich#facing=west,plate_hidden=true,stacks=2,support=false:
    minecraft:textures/atlas/blocks.png:displaydelight:block/bowl
[13sep2026 11:47:19.343] [Worker-Main-9/WARN] [net.minecraft.client.resources.model.ModelManager/]: Missing textures in model oceansdelight:guardian_soup#facing=east,servings=3:
    minecraft:textures/atlas/blocks.png:farmersdelight:block/tray_pie_leftover
[13sep2026 11:47:19.343] [Worker-Main-9/WARN] [net.minecraft.client.resources.model.ModelManager/]: Missing textures in model displaydelight:ctd_plated_calamari_roll#inventory:
    minecraft:textures/atlas/blocks.png:displaydelight:block/bowl
[13sep2026 11:47:19.343] [Worker-Main-9/WARN] [net.minecraft.client.resources.model.ModelManager/]: Missing textures in model displaydelight:plated_mutton_wrap#facing=west,plate_hidden=false,stacks=2,support=true:
    minecraft:textures/atlas/blocks.png:displaydelight:block/bowl
[13sep2026 11:47:19.343] [Worker-Main-9/WARN] [net.minecraft.client.resources.model.ModelManager/]: Missing textures in model oceansdelight:guardian_soup#facing=east,servings=4:
    minecraft:textures/atlas/blocks.png:farmersdelight:block/tray_pie_leftover
[13sep2026 11:47:19.343] [Worker-Main-9/WARN] [net.minecraft.client.resources.model.ModelManager/]: Missing textures in model oceansdelight:guardian_soup#facing=east,servings=0:
    minecraft:textures/atlas/blocks.png:farmersdelight:block/tray_pie_leftover
[13sep2026 11:47:19.343] [Worker-Main-9/WARN] [net.minecraft.client.resources.model.ModelManager/]: Missing textures in model oceansdelight:guardian_soup#facing=east,servings=1:
    minecraft:textures/atlas/blocks.png:farmersdelight:block/tray_pie_leftover
[13sep2026 11:47:19.343] [Worker-Main-9/WARN] [net.minecraft.client.resources.model.ModelManager/]: Missing textures in model oceansdelight:guardian_soup#facing=east,servings=2:
    minecraft:textures/atlas/blocks.png:farmersdelight:block/tray_pie_leftover
[13sep2026 11:47:19.343] [Worker-Main-9/WARN] [net.minecraft.client.resources.model.ModelManager/]: Missing textures in model displaydelight:ctd_plated_avocado_toast#facing=west,plate_hidden=true,stacks=1,support=true:
    minecraft:textures/atlas/blocks.png:displaydelight:block/bowl
[13sep2026 11:47:19.343] [Worker-Main-9/WARN] [net.minecraft.client.resources.model.ModelManager/]: Missing textures in model ramadandelight:knafeh_tray_block#facing=west,servings=0:
    minecraft:textures/atlas/blocks.png:farmersdelight:block/tray_top
[13sep2026 11:47:19.343] [Worker-Main-9/WARN] [net.minecraft.client.resources.model.ModelManager/]: Missing textures in model displaydelight:vegetable_noodles#facing=north,support=false:
    minecraft:textures/atlas/blocks.png:displaydelight:block/bowl
[13sep2026 11:47:19.343] [Worker-Main-9/WARN] [net.minecraft.client.resources.model.ModelManager/]: Missing textures in model displaydelight:roasted_mutton_chops#facing=north,support=false:
    minecraft:textures/atlas/blocks.png:displaydelight:block/bowl
[13sep2026 11:47:19.343] [Worker-Main-9/WARN] [net.minecraft.client.resources.model.ModelManager/]: Missing textures in model ramadandelight:knafeh_tray_block#facing=west,servings=4:
    minecraft:textures/atlas/blocks.png:farmersdelight:block/tray_top
[13sep2026 11:47:19.343] [Worker-Main-9/WARN] [net.minecraft.client.resources.model.ModelManager/]: Missing textures in model ramadandelight:knafeh_tray_block#facing=west,servings=3:
    minecraft:textures/atlas/blocks.png:farmersdelight:block/tray_top
[13sep2026 11:47:19.343] [Worker-Main-9/WARN] [net.minecraft.client.resources.model.ModelManager/]: Missing textures in model displaydelight:abd_small_plated_banana_cake_slice#inventory:
    minecraft:textures/atlas/blocks.png:displaydelight:block/bowl
[13sep2026 11:47:19.343] [Worker-Main-9/WARN] [net.minecraft.client.resources.model.ModelManager/]: Missing textures in model ramadandelight:knafeh_tray_block#facing=west,servings=2:
    minecraft:textures/atlas/blocks.png:farmersdelight:block/tray_top
[13sep2026 11:47:19.343] [Worker-Main-9/WARN] [net.minecraft.client.resources.model.ModelManager/]: Missing textures in model ramadandelight:knafeh_tray_block#facing=west,servings=1:
    minecraft:textures/atlas/blocks.png:farmersdelight:block/tray_top
[13sep2026 11:47:19.343] [Worker-Main-9/WARN] [net.minecraft.client.resources.model.ModelManager/]: Missing textures in model displaydelight:acd_jellyfish_jelly#facing=east,support=false:
    minecraft:textures/atlas/blocks.png:displaydelight:block/bowl
[13sep2026 11:47:19.343] [Worker-Main-9/WARN] [net.minecraft.client.resources.model.ModelManager/]: Missing textures in model displaydelight:small_plated_stuffed_potato#facing=east,plate_hidden=true,support=true:
    minecraft:textures/atlas/blocks.png:displaydelight:block/bowl
[13sep2026 11:47:19.343] [Worker-Main-9/WARN] [net.minecraft.client.resources.model.ModelManager/]: Missing textures in model displaydelight:abd_small_plated_vanilla_cake_slice#inventory:
    minecraft:textures/atlas/blocks.png:displaydelight:block/bowl
[13sep2026 11:47:19.343] [Worker-Main-9/WARN] [net.minecraft.client.resources.model.ModelManager/]: Missing textures in model displaydelight:ctd_plated_calamari_roll#facing=west,plate_hidden=true,stacks=6,support=false:
    minecraft:textures/atlas/blocks.png:displaydelight:block/bowl
[13sep2026 11:47:19.343] [Worker-Main-9/WARN] [net.minecraft.client.resources.model.ModelManager/]: Missing textures in model displaydelight:acd_tuna_spaghetti#inventory:
    minecraft:textures/atlas/blocks.png:displaydelight:block/bowl
[13sep2026 11:47:19.343] [Worker-Main-9/WARN] [net.minecraft.client.resources.model.ModelManager/]: Missing textures in model pantographsandwires:cantilever_brown#facing=south,rotation=0:
    minecraft:textures/atlas/blocks.png:pantographsandwires:block/cantilever_brown
[13sep2026 11:47:19.343] [Worker-Main-9/WARN] [net.minecraft.client.resources.model.ModelManager/]: Missing textures in model displaydelight:plated_stuffed_potato#facing=south,plate_hidden=true,stacks=2,support=true:
    minecraft:textures/atlas/blocks.png:displaydelight:block/bowl
[13sep2026 11:47:19.343] [Worker-Main-9/WARN] [net.minecraft.client.resources.model.ModelManager/]: Missing textures in model displaydelight:mnd_plate_of_stuffed_hoglin_ham#inventory:
    minecraft:textures/atlas/blocks.png:displaydelight:block/bowl
[13sep2026 11:47:19.343] [Worker-Main-9/WARN] [net.minecraft.client.resources.model.ModelManager/]: Missing textures in model displaydelight:od_plated_cooked_stuffed_cod#inventory:
    minecraft:textures/atlas/blocks.png:displaydelight:block/bowl
[13sep2026 11:47:19.343] [Worker-Main-9/WARN] [net.minecraft.client.resources.model.ModelManager/]: Missing textures in model oceansdelight:guardian_soup#facing=west,servings=0:
    minecraft:textures/atlas/blocks.png:farmersdelight:block/tray_pie_leftover
[13sep2026 11:47:19.343] [Worker-Main-9/WARN] [net.minecraft.client.resources.model.ModelManager/]: Missing textures in model displaydelight:small_plated_kelp_roll_slice#facing=south,plate_hidden=true,support=false:
    minecraft:textures/atlas/blocks.png:displaydelight:block/bowl
[13sep2026 11:47:19.343] [Worker-Main-9/WARN] [net.minecraft.client.resources.model.ModelManager/]: Missing textures in model displaydelight:od_plated_fugu_roll#facing=east,plate_hidden=false,stacks=3,support=true:
    minecraft:textures/atlas/blocks.png:displaydelight:block/bowl
[13sep2026 11:47:19.343] [Worker-Main-9/WARN] [net.minecraft.client.resources.model.ModelManager/]: Missing textures in model displaydelight:ctd_plated_egg_roll#facing=west,plate_hidden=true,stacks=6,support=true:
    minecraft:textures/atlas/blocks.png:displaydelight:block/bowl
[13sep2026 11:47:19.343] [Worker-Main-9/WARN] [net.minecraft.client.resources.model.ModelManager/]: Missing textures in model displaydelight:crd_plated_fish_stick#inventory:
    minecraft:textures/atlas/blocks.png:displaydelight:block/bowl
[13sep2026 11:47:19.343] [Worker-Main-9/WARN] [net.minecraft.client.resources.model.ModelManager/]: Missing textures in model displaydelight:crd_plated_shrimp_skewer#facing=east,plate_hidden=true,stacks=6,support=false:
    minecraft:textures/atlas/blocks.png:displaydelight:block/bowl
[13sep2026 11:47:19.343] [Worker-Main-9/WARN] [net.minecraft.client.resources.model.ModelManager/]: Missing textures in model displaydelight:ed_plated_cranberry_goat_cheese_toast#facing=west,plate_hidden=true,stacks=6,support=false:
    minecraft:textures/atlas/blocks.png:displaydelight:block/bowl
[13sep2026 11:47:19.343] [Worker-Main-9/WARN] [net.minecraft.client.resources.model.ModelManager/]: Missing textures in model displaydelight:ed_asparagus_and_bacon_cheesy#facing=east,support=true:
    minecraft:textures/atlas/blocks.png:displaydelight:block/bowl
[13sep2026 11:47:19.343] [Worker-Main-9/WARN] [net.minecraft.client.resources.model.ModelManager/]: Missing textures in model displaydelight:bnc_vegetable_omelet#inventory:
    minecraft:textures/atlas/blocks.png:displaydelight:block/bowl
[13sep2026 11:47:19.343] [Worker-Main-9/WARN] [net.minecraft.client.resources.model.ModelManager/]: Missing textures in model displaydelight:small_plated_cake_slice#inventory:
    minecraft:textures/atlas/blocks.png:displaydelight:block/bowl
[13sep2026 11:47:19.343] [Worker-Main-9/WARN] [net.minecraft.client.resources.model.ModelManager/]: Missing textures in model displaydelight:crd_plated_stuffed_nautilus_shell#inventory:
    minecraft:textures/atlas/blocks.png:displaydelight:block/bowl
[13sep2026 11:47:19.343] [Worker-Main-9/WARN] [net.minecraft.client.resources.model.ModelManager/]: Missing textures in model oceansdelight:guardian_soup#facing=west,servings=2:
    minecraft:textures/atlas/blocks.png:farmersdelight:block/tray_pie_leftover
[13sep2026 11:47:19.343] [Worker-Main-9/WARN] [net.minecraft.client.resources.model.ModelManager/]: Missing textures in model displaydelight:erd_steak_fries#facing=east,support=true:
    minecraft:textures/atlas/blocks.png:displaydelight:block/bowl
[13sep2026 11:47:19.343] [Worker-Main-9/WARN] [net.minecraft.client.resources.model.ModelManager/]: Missing textures in model oceansdelight:guardian_soup#facing=west,servings=1:
    minecraft:textures/atlas/blocks.png:farmersdelight:block/tray_pie_leftover
[13sep2026 11:47:19.343] [Worker-Main-9/WARN] [net.minecraft.client.resources.model.ModelManager/]: Missing textures in model oceansdelight:guardian_soup#facing=west,servings=4:
    minecraft:textures/atlas/blocks.png:farmersdelight:block/tray_pie_leftover
[13sep2026 11:47:19.343] [Worker-Main-9/WARN] [net.minecraft.client.resources.model.ModelManager/]: Missing textures in model oceansdelight:guardian_soup#facing=west,servings=3:
    minecraft:textures/atlas/blocks.png:farmersdelight:block/tray_pie_leftover
[13sep2026 11:47:19.343] [Worker-Main-9/WARN] [net.minecraft.client.resources.model.ModelManager/]: Missing textures in model displaydelight:ed_sweet_potato_salad#inventory:
    minecraft:textures/atlas/blocks.png:displaydelight:block/bowl
[13sep2026 11:47:19.343] [Worker-Main-9/WARN] [net.minecraft.client.resources.model.ModelManager/]: Missing textures in model displaydelight:abd_small_plated_yucca_gateau_slice#facing=east,plate_hidden=true,support=false:
    minecraft:textures/atlas/blocks.png:displaydelight:block/bowl
[13sep2026 11:47:19.343] [Worker-Main-9/WARN] [net.minecraft.client.resources.model.ModelManager/]: Missing textures in model displaydelight:plated_melon_popsicle#facing=north,plate_hidden=false,stacks=1,support=true:
    minecraft:textures/atlas/blocks.png:displaydelight:block/bowl
[13sep2026 11:47:19.343] [Worker-Main-9/WARN] [net.minecraft.client.resources.model.ModelManager/]: Missing textures in model displaydelight:abd_small_plated_vanilla_cake_slice#facing=north,plate_hidden=true,support=true:
    minecraft:textures/atlas/blocks.png:displaydelight:block/bowl
[13sep2026 11:47:19.343] [Worker-Main-9/WARN] [net.minecraft.client.resources.model.ModelManager/]: Missing textures in model displaydelight:grilled_salmon#inventory:
    minecraft:textures/atlas/blocks.png:displaydelight:block/bowl
[13sep2026 11:47:19.343] [Worker-Main-9/WARN] [net.minecraft.client.resources.model.ModelManager/]: Missing textures in model displaydelight:ed_peperonata#facing=north,support=false:
    minecraft:textures/atlas/blocks.png:displaydelight:block/bowl
[13sep2026 11:47:19.343] [Worker-Main-9/WARN] [net.minecraft.client.resources.model.ModelManager/]: Missing textures in model displaydelight:od_plated_baked_tentacle_on_a_stick#inventory:
    minecraft:textures/atlas/blocks.png:displaydelight:block/bowl
[13sep2026 11:47:19.343] [Worker-Main-9/WARN] [net.minecraft.client.resources.model.ModelManager/]: Missing textures in model displaydelight:abd_small_plated_strawberry_cake_slice#inventory:
    minecraft:textures/atlas/blocks.png:displaydelight:block/bowl
[13sep2026 11:47:19.343] [Worker-Main-9/WARN] [net.minecraft.client.resources.model.ModelManager/]: Missing textures in model displaydelight:small_plated_stuffed_potato#inventory:
    minecraft:textures/atlas/blocks.png:displaydelight:block/bowl
[13sep2026 11:47:19.343] [Worker-Main-9/WARN] [net.minecraft.client.resources.model.ModelManager/]: Missing textures in model displaydelight:grilled_salmon#facing=north,support=true:
    minecraft:textures/atlas/blocks.png:displaydelight:block/bowl
[13sep2026 11:47:19.343] [Worker-Main-9/WARN] [net.minecraft.client.resources.model.ModelManager/]: Missing textures in model displaydelight:mnd_plate_of_stuffed_hoglin_ham#facing=south,support=true:
    minecraft:textures/atlas/blocks.png:displaydelight:block/bowl
[13sep2026 11:47:19.343] [Worker-Main-9/WARN] [net.minecraft.client.resources.model.ModelManager/]: Missing textures in model displaydelight:mnd_giant_takoyaki#inventory:
    minecraft:textures/atlas/blocks.png:displaydelight:block/bowl
[13sep2026 11:47:19.343] [Worker-Main-9/WARN] [net.minecraft.client.resources.model.ModelManager/]: Missing textures in model displaydelight:steak_and_potatoes#inventory:
    minecraft:textures/atlas/blocks.png:displaydelight:block/bowl
[13sep2026 11:47:19.343] [Worker-Main-9/WARN] [net.minecraft.client.resources.model.ModelManager/]: Missing textures in model displaydelight:steak_and_potatoes#facing=north,support=false:
    minecraft:textures/atlas/blocks.png:displaydelight:block/bowl
[13sep2026 11:47:19.343] [Worker-Main-9/WARN] [net.minecraft.client.resources.model.ModelManager/]: Missing textures in model ramadandelight:knafeh_tray_block#facing=east,servings=1:
    minecraft:textures/atlas/blocks.png:farmersdelight:block/tray_top
[13sep2026 11:47:19.343] [Worker-Main-9/WARN] [net.minecraft.client.resources.model.ModelManager/]: Missing textures in model displaydelight:ed_small_plated_cheese_slice#inventory:
    minecraft:textures/atlas/blocks.png:displaydelight:block/bowl
[13sep2026 11:47:19.344] [Worker-Main-9/WARN] [net.minecraft.client.resources.model.ModelManager/]: Missing textures in model displaydelight:lm_mushroom_pot_pie#facing=east,support=false:
    minecraft:textures/atlas/blocks.png:displaydelight:block/bowl
[13sep2026 11:47:19.344] [Worker-Main-9/WARN] [net.minecraft.client.resources.model.ModelManager/]: Missing textures in model displaydelight:plated_salmon_roll#inventory:
    minecraft:textures/atlas/blocks.png:displaydelight:block/bowl
[13sep2026 11:47:19.344] [Worker-Main-9/WARN] [net.minecraft.client.resources.model.ModelManager/]: Missing textures in model ramadandelight:knafeh_tray_block#facing=east,servings=2:
    minecraft:textures/atlas/blocks.png:farmersdelight:block/tray_top
[13sep2026 11:47:19.344] [Worker-Main-9/WARN] [net.minecraft.client.resources.model.ModelManager/]: Missing textures in model displaydelight:edd_plated_end_barbecue_stick#inventory:
    minecraft:textures/atlas/blocks.png:displaydelight:block/bowl
[13sep2026 11:47:19.344] [Worker-Main-9/WARN] [net.minecraft.client.resources.model.ModelManager/]: Missing textures in model displaydelight:small_plated_kelp_roll_slice#inventory:
    minecraft:textures/atlas/blocks.png:displaydelight:block/bowl
[13sep2026 11:47:19.344] [Worker-Main-9/WARN] [net.minecraft.client.resources.model.ModelManager/]: Missing textures in model ramadandelight:knafeh_tray_block#facing=east,servings=0:
    minecraft:textures/atlas/blocks.png:farmersdelight:block/tray_top
[13sep2026 11:47:19.344] [Worker-Main-9/WARN] [net.minecraft.client.resources.model.ModelManager/]: Missing textures in model displaydelight:plated_mutton_wrap#inventory:
    minecraft:textures/atlas/blocks.png:displaydelight:block/bowl
[13sep2026 11:47:19.344] [Worker-Main-9/WARN] [net.minecraft.client.resources.model.ModelManager/]: Missing textures in model displaydelight:nd_plate_of_stuffed_hoglin_ham#inventory:
    minecraft:textures/atlas/blocks.png:displaydelight:block/bowl
[13sep2026 11:47:19.344] [Worker-Main-9/WARN] [net.minecraft.client.resources.model.ModelManager/]: Missing textures in model displaydelight:plated_chicken_sandwich#inventory:
    minecraft:textures/atlas/blocks.png:displaydelight:block/bowl
[13sep2026 11:47:19.344] [Worker-Main-9/WARN] [net.minecraft.client.resources.model.ModelManager/]: Missing textures in model displaydelight:plated_cod_roll#inventory:
    minecraft:textures/atlas/blocks.png:displaydelight:block/bowl
[13sep2026 11:47:19.344] [Worker-Main-9/WARN] [net.minecraft.client.resources.model.ModelManager/]: Missing textures in model displaydelight:plated_egg_sandwich#facing=north,plate_hidden=false,stacks=3,support=true:
    minecraft:textures/atlas/blocks.png:displaydelight:block/bowl
[13sep2026 11:47:19.344] [Worker-Main-9/WARN] [net.minecraft.client.resources.model.ModelManager/]: Missing textures in model displaydelight:od_plated_elder_guardian_roll#facing=west,plate_hidden=true,stacks=2,support=false:
    minecraft:textures/atlas/blocks.png:displaydelight:block/bowl
[13sep2026 11:47:19.344] [Worker-Main-9/WARN] [net.minecraft.client.resources.model.ModelManager/]: Missing textures in model displaydelight:od_plated_fugu_roll#inventory:
    minecraft:textures/atlas/blocks.png:displaydelight:block/bowl
[13sep2026 11:47:19.344] [Worker-Main-9/WARN] [net.minecraft.client.resources.model.ModelManager/]: Missing textures in model displaydelight:small_plated_cake_slice#facing=east,plate_hidden=false,support=false:
    minecraft:textures/atlas/blocks.png:displaydelight:block/bowl
[13sep2026 11:47:19.344] [Worker-Main-9/WARN] [net.minecraft.client.resources.model.ModelManager/]: Missing textures in model displaydelight:edd_plated_end_barbecue_stick#facing=east,plate_hidden=true,stacks=6,support=true:
    minecraft:textures/atlas/blocks.png:displaydelight:block/bowl
[13sep2026 11:47:19.344] [Worker-Main-9/WARN] [net.minecraft.client.resources.model.ModelManager/]: Missing textures in model ramadandelight:knafeh_tray_block#facing=east,servings=3:
    minecraft:textures/atlas/blocks.png:farmersdelight:block/tray_top
[13sep2026 11:47:19.344] [Worker-Main-9/WARN] [net.minecraft.client.resources.model.ModelManager/]: Missing textures in model displaydelight:ctd_plated_avocado_toast#inventory:
    minecraft:textures/atlas/blocks.png:displaydelight:block/bowl
[13sep2026 11:47:19.344] [Worker-Main-9/WARN] [net.minecraft.client.resources.model.ModelManager/]: Missing textures in model displaydelight:bnc_horror_lasagna#facing=north,support=true:
    minecraft:textures/atlas/blocks.png:brewinandchewin:item/horror_lasagna
[13sep2026 11:47:19.344] [Worker-Main-9/WARN] [net.minecraft.client.resources.model.ModelManager/]: Missing textures in model ramadandelight:knafeh_tray_block#facing=east,servings=4:
    minecraft:textures/atlas/blocks.png:farmersdelight:block/tray_top
[13sep2026 11:47:19.344] [Worker-Main-9/WARN] [net.minecraft.client.resources.model.ModelManager/]: Missing textures in model displaydelight:acd_jellyfish_jelly#inventory:
    minecraft:textures/atlas/blocks.png:displaydelight:block/bowl
[13sep2026 11:47:19.344] [Worker-Main-9/WARN] [net.minecraft.client.resources.model.ModelManager/]: Missing textures in model displaydelight:abd_small_plated_mint_cake_slice#inventory:
    minecraft:textures/atlas/blocks.png:displaydelight:block/bowl
[13sep2026 11:47:19.344] [Worker-Main-9/WARN] [net.minecraft.client.resources.model.ModelManager/]: Missing textures in model oceansdelight:guardian_soup#facing=north,servings=4:
    minecraft:textures/atlas/blocks.png:farmersdelight:block/tray_pie_leftover
[13sep2026 11:47:19.344] [Worker-Main-9/WARN] [net.minecraft.client.resources.model.ModelManager/]: Missing textures in model oceansdelight:guardian_soup#facing=north,servings=3:
    minecraft:textures/atlas/blocks.png:farmersdelight:block/tray_pie_leftover
[13sep2026 11:47:19.344] [Worker-Main-9/WARN] [net.minecraft.client.resources.model.ModelManager/]: Missing textures in model displaydelight:abd_small_plated_adzuki_cake_slice#facing=east,plate_hidden=true,support=false:
    minecraft:textures/atlas/blocks.png:displaydelight:block/bowl
[13sep2026 11:47:19.344] [Worker-Main-9/WARN] [net.minecraft.client.resources.model.ModelManager/]: Missing textures in model oceansdelight:guardian_soup#facing=north,servings=2:
    minecraft:textures/atlas/blocks.png:farmersdelight:block/tray_pie_leftover
[13sep2026 11:47:19.344] [Worker-Main-9/WARN] [net.minecraft.client.resources.model.ModelManager/]: Missing textures in model displaydelight:acd_halibut_with_tartar_sauce#facing=north,support=true:
    minecraft:textures/atlas/blocks.png:displaydelight:block/bowl
[13sep2026 11:47:19.344] [Worker-Main-9/WARN] [net.minecraft.client.resources.model.ModelManager/]: Missing textures in model oceansdelight:guardian_soup#facing=north,servings=1:
    minecraft:textures/atlas/blocks.png:farmersdelight:block/tray_pie_leftover
[13sep2026 11:47:19.344] [Worker-Main-9/WARN] [net.minecraft.client.resources.model.ModelManager/]: Missing textures in model displaydelight:acd_halibut_with_tartar_sauce#inventory:
    minecraft:textures/atlas/blocks.png:displaydelight:block/bowl
[13sep2026 11:47:19.344] [Worker-Main-9/WARN] [net.minecraft.client.resources.model.ModelManager/]: Missing textures in model displaydelight:ed_peperonata#inventory:
    minecraft:textures/atlas/blocks.png:displaydelight:block/bowl
[13sep2026 11:47:19.344] [Worker-Main-9/WARN] [net.minecraft.client.resources.model.ModelManager/]: Missing textures in model displaydelight:erd_steak_fries#inventory:
    minecraft:textures/atlas/blocks.png:displaydelight:block/bowl
[13sep2026 11:47:19.344] [Worker-Main-9/WARN] [net.minecraft.client.resources.model.ModelManager/]: Missing textures in model displaydelight:ed_cranberry_chicken#facing=east,support=true:
    minecraft:textures/atlas/blocks.png:displaydelight:block/bowl
[13sep2026 11:47:19.344] [Worker-Main-9/WARN] [net.minecraft.client.resources.model.ModelManager/]: Missing textures in model displaydelight:ed_asparagus_and_bacon_cheesy#inventory:
    minecraft:textures/atlas/blocks.png:displaydelight:block/bowl
[13sep2026 11:47:19.344] [Worker-Main-9/WARN] [net.minecraft.client.resources.model.ModelManager/]: Missing textures in model displaydelight:roasted_mutton_chops#inventory:
    minecraft:textures/atlas/blocks.png:displaydelight:block/bowl
[13sep2026 11:47:19.344] [Worker-Main-9/WARN] [net.minecraft.client.resources.model.ModelManager/]: Missing textures in model displaydelight:small_plated_cabbage_rolls#facing=east,plate_hidden=true,support=true:
    minecraft:textures/atlas/blocks.png:displaydelight:block/bowl
[13sep2026 11:47:19.344] [Worker-Main-9/WARN] [net.minecraft.client.resources.model.ModelManager/]: Missing textures in model displaydelight:od_plated_cooked_stuffed_cod#facing=west,plate_hidden=true,stacks=6,support=false:
    minecraft:textures/atlas/blocks.png:displaydelight:block/bowl
[13sep2026 11:47:19.344] [Worker-Main-9/WARN] [net.minecraft.client.resources.model.ModelManager/]: Missing textures in model displaydelight:ed_small_plated_cheese_slice#facing=west,plate_hidden=true,support=true:
    minecraft:textures/atlas/blocks.png:displaydelight:block/bowl
[13sep2026 11:47:19.344] [Worker-Main-9/WARN] [net.minecraft.client.resources.model.ModelManager/]: Missing textures in model displaydelight:acd_buckling#facing=east,support=true:
    minecraft:textures/atlas/blocks.png:displaydelight:block/bowl
[13sep2026 11:47:19.344] [Worker-Main-9/WARN] [net.minecraft.client.resources.model.ModelManager/]: Missing textures in model displaydelight:ctd_plated_tropical_roll#inventory:
    minecraft:textures/atlas/blocks.png:displaydelight:block/bowl
[13sep2026 11:47:19.344] [Worker-Main-9/WARN] [net.minecraft.client.resources.model.ModelManager/]: Missing textures in model displaydelight:abd_small_plated_chocolate_cake_slice#inventory:
    minecraft:textures/atlas/blocks.png:displaydelight:block/bowl
[13sep2026 11:47:19.709] [Worker-Main-9/INFO] [com.github.alexmodguy.alexscaves.AlexsCaves/]: Loaded emissive block models in 363 ms
[13sep2026 11:47:21.293] [Render thread/INFO] [Veil/]: Loaded 0 shader redirects, 0 replacements
[13sep2026 11:47:21.535] [Render thread/INFO] [Veil/]: Loaded 30 shaders from: pinwheel/shaders/program
[13sep2026 11:47:21.711] [Worker-Main-1/INFO] [com.happysg.radar.CreateRadar/]: Registering Ponder!
[13sep2026 11:47:21.782] [Worker-Main-1/INFO] [PonderIndex/]: Registering Ponder Scenes took 180.9 ms
[13sep2026 11:47:21.790] [Worker-Main-1/INFO] [PonderIndex/]: Registering Ponder Tags took 7.361 ms
[13sep2026 11:47:21.835] [Render thread/WARN] [com.rieno.gadgetsandgizmos.neoforge.client.CTClientBootstrap/]: [CT][Ponder] Injected fallback CTPonderPlugin because no CT scenes were discoverable
[13sep2026 11:47:21.835] [Render thread/INFO] [PonderIndex/]: Reloading all Ponder Plugins ...
[13sep2026 11:47:21.836] [Render thread/INFO] [com.happysg.radar.CreateRadar/]: Registering Ponder!
[13sep2026 11:47:21.841] [Render thread/INFO] [PonderIndex/]: Registering Ponder Scenes took 6.234 ms
[13sep2026 11:47:21.842] [Render thread/INFO] [PonderIndex/]: Registering Ponder Tags took 841.3 μs
[13sep2026 11:47:21.844] [Render thread/INFO] [PonderIndex/]: Collecting Shared Ponder Text took 601.9 μs
[13sep2026 11:47:21.844] [Render thread/INFO] [PonderIndex/]: Reloading Ponder Plugins took 9.099 ms
[13sep2026 11:47:21.844] [Render thread/INFO] [com.rieno.gadgetsandgizmos.neoforge.client.CTClientBootstrap/]: [CT][Ponder] Registered plugins for mod id createthrusters=1, thruster scenes discoverable=true
[13sep2026 11:47:22.395] [Render thread/WARN] [net.minecraft.client.sounds.SoundEngine/]: Missing sound for event: minecraft:item.goat_horn.play
[13sep2026 11:47:22.395] [Render thread/WARN] [net.minecraft.client.sounds.SoundEngine/]: Missing sound for event: minecraft:entity.goat.screaming.horn_break
[13sep2026 11:47:22.460] [Render thread/INFO] [com.mojang.blaze3d.audio.Library/]: OpenAL initialized on device OpenAL Soft on FxSound Speakers (FxSound Audio Enhancer)
[13sep2026 11:47:22.462] [Render thread/INFO] [net.minecraft.client.sounds.SoundEngine/SOUNDS]: Sound engine started
[13sep2026 11:47:22.628] [Render thread/INFO] [net.minecraft.client.renderer.texture.TextureAtlas/]: Created: 8192x4096x4 minecraft:textures/atlas/blocks.png-atlas
[13sep2026 11:47:22.835] [Render thread/INFO] [net.minecraft.client.renderer.texture.TextureAtlas/]: Created: 512x512x4 minecraft:textures/atlas/signs.png-atlas
[13sep2026 11:47:22.836] [Render thread/INFO] [net.minecraft.client.renderer.texture.TextureAtlas/]: Created: 1024x512x4 minecraft:textures/atlas/shield_patterns.png-atlas
[13sep2026 11:47:22.839] [Render thread/INFO] [net.minecraft.client.renderer.texture.TextureAtlas/]: Created: 1024x512x4 minecraft:textures/atlas/banner_patterns.png-atlas
[13sep2026 11:47:22.843] [Render thread/INFO] [net.minecraft.client.renderer.texture.TextureAtlas/]: Created: 64x64x4 refurbished_furniture:textures/atlas/tv_channels.png-atlas
[13sep2026 11:47:22.844] [Render thread/INFO] [net.minecraft.client.renderer.texture.TextureAtlas/]: Created: 2048x2048x4 minecraft:textures/atlas/armor_trims.png-atlas
[13sep2026 11:47:22.856] [Render thread/INFO] [net.minecraft.client.renderer.texture.TextureAtlas/]: Created: 128x128x4 minecraft:textures/atlas/decorated_pot.png-atlas
[13sep2026 11:47:22.858] [Render thread/INFO] [net.minecraft.client.renderer.texture.TextureAtlas/]: Created: 512x256x4 minecraft:textures/atlas/chest.png-atlas
[13sep2026 11:47:22.859] [Render thread/INFO] [net.minecraft.client.renderer.texture.TextureAtlas/]: Created: 512x256x4 minecraft:textures/atlas/beds.png-atlas
[13sep2026 11:47:22.861] [Render thread/INFO] [net.minecraft.client.renderer.texture.TextureAtlas/]: Created: 512x256x4 minecraft:textures/atlas/shulker_boxes.png-atlas
[13sep2026 11:47:23.090] [Render thread/WARN] [com.github.alexmodguy.alexscaves.AlexsCaves/]: Could not apply radiation glow layer to minecraft:area_effect_cloud, has custom renderer that is not LivingEntityRenderer.
[13sep2026 11:47:23.090] [Render thread/WARN] [com.github.alexmodguy.alexscaves.AlexsCaves/]: Could not apply radiation glow layer to minecraft:arrow, has custom renderer that is not LivingEntityRenderer.
[13sep2026 11:47:23.090] [Render thread/WARN] [com.github.alexmodguy.alexscaves.AlexsCaves/]: Could not apply radiation glow layer to minecraft:block_display, has custom renderer that is not LivingEntityRenderer.
[13sep2026 11:47:23.090] [Render thread/WARN] [com.github.alexmodguy.alexscaves.AlexsCaves/]: Could not apply radiation glow layer to minecraft:boat, has custom renderer that is not LivingEntityRenderer.
[13sep2026 11:47:23.090] [Render thread/WARN] [com.github.alexmodguy.alexscaves.AlexsCaves/]: Could not apply radiation glow layer to minecraft:breeze_wind_charge, has custom renderer that is not LivingEntityRenderer.
[13sep2026 11:47:23.090] [Render thread/WARN] [com.github.alexmodguy.alexscaves.AlexsCaves/]: Could not apply radiation glow layer to minecraft:chest_boat, has custom renderer that is not LivingEntityRenderer.
[13sep2026 11:47:23.090] [Render thread/WARN] [com.github.alexmodguy.alexscaves.AlexsCaves/]: Could not apply radiation glow layer to minecraft:chest_minecart, has custom renderer that is not LivingEntityRenderer.
[13sep2026 11:47:23.090] [Render thread/WARN] [com.github.alexmodguy.alexscaves.AlexsCaves/]: Could not apply radiation glow layer to minecraft:command_block_minecart, has custom renderer that is not LivingEntityRenderer.
[13sep2026 11:47:23.090] [Render thread/WARN] [com.github.alexmodguy.alexscaves.AlexsCaves/]: Could not apply radiation glow layer to minecraft:dragon_fireball, has custom renderer that is not LivingEntityRenderer.
[13sep2026 11:47:23.090] [Render thread/WARN] [com.github.alexmodguy.alexscaves.AlexsCaves/]: Could not apply radiation glow layer to minecraft:egg, has custom renderer that is not LivingEntityRenderer.
[13sep2026 11:47:23.090] [Render thread/WARN] [com.github.alexmodguy.alexscaves.AlexsCaves/]: Could not apply radiation glow layer to minecraft:end_crystal, has custom renderer that is not LivingEntityRenderer.
[13sep2026 11:47:23.090] [Render thread/WARN] [com.github.alexmodguy.alexscaves.AlexsCaves/]: Could not apply radiation glow layer to minecraft:ender_pearl, has custom renderer that is not LivingEntityRenderer.
[13sep2026 11:47:23.090] [Render thread/WARN] [com.github.alexmodguy.alexscaves.AlexsCaves/]: Could not apply radiation glow layer to minecraft:evoker_fangs, has custom renderer that is not LivingEntityRenderer.
[13sep2026 11:47:23.090] [Render thread/WARN] [com.github.alexmodguy.alexscaves.AlexsCaves/]: Could not apply radiation glow layer to minecraft:experience_bottle, has custom renderer that is not LivingEntityRenderer.
[13sep2026 11:47:23.090] [Render thread/WARN] [com.github.alexmodguy.alexscaves.AlexsCaves/]: Could not apply radiation glow layer to minecraft:experience_orb, has custom renderer that is not LivingEntityRenderer.
[13sep2026 11:47:23.090] [Render thread/WARN] [com.github.alexmodguy.alexscaves.AlexsCaves/]: Could not apply radiation glow layer to minecraft:eye_of_ender, has custom renderer that is not LivingEntityRenderer.
[13sep2026 11:47:23.090] [Render thread/WARN] [com.github.alexmodguy.alexscaves.AlexsCaves/]: Could not apply radiation glow layer to minecraft:falling_block, has custom renderer that is not LivingEntityRenderer.
[13sep2026 11:47:23.090] [Render thread/WARN] [com.github.alexmodguy.alexscaves.AlexsCaves/]: Could not apply radiation glow layer to minecraft:firework_rocket, has custom renderer that is not LivingEntityRenderer.
[13sep2026 11:47:23.090] [Render thread/WARN] [com.github.alexmodguy.alexscaves.AlexsCaves/]: Could not apply radiation glow layer to minecraft:furnace_minecart, has custom renderer that is not LivingEntityRenderer.
[13sep2026 11:47:23.090] [Render thread/WARN] [com.github.alexmodguy.alexscaves.AlexsCaves/]: Could not apply radiation glow layer to minecraft:glow_item_frame, has custom renderer that is not LivingEntityRenderer.
[13sep2026 11:47:23.090] [Render thread/WARN] [com.github.alexmodguy.alexscaves.AlexsCaves/]: Could not apply radiation glow layer to minecraft:hopper_minecart, has custom renderer that is not LivingEntityRenderer.
[13sep2026 11:47:23.090] [Render thread/WARN] [com.github.alexmodguy.alexscaves.AlexsCaves/]: Could not apply radiation glow layer to minecraft:interaction, has custom renderer that is not LivingEntityRenderer.
[13sep2026 11:47:23.090] [Render thread/WARN] [com.github.alexmodguy.alexscaves.AlexsCaves/]: Could not apply radiation glow layer to minecraft:item, has custom renderer that is not LivingEntityRenderer.
[13sep2026 11:47:23.090] [Render thread/WARN] [com.github.alexmodguy.alexscaves.AlexsCaves/]: Could not apply radiation glow layer to minecraft:item_display, has custom renderer that is not LivingEntityRenderer.
[13sep2026 11:47:23.090] [Render thread/WARN] [com.github.alexmodguy.alexscaves.AlexsCaves/]: Could not apply radiation glow layer to minecraft:item_frame, has custom renderer that is not LivingEntityRenderer.
[13sep2026 11:47:23.090] [Render thread/WARN] [com.github.alexmodguy.alexscaves.AlexsCaves/]: Could not apply radiation glow layer to minecraft:ominous_item_spawner, has custom renderer that is not LivingEntityRenderer.
[13sep2026 11:47:23.090] [Render thread/WARN] [com.github.alexmodguy.alexscaves.AlexsCaves/]: Could not apply radiation glow layer to minecraft:fireball, has custom renderer that is not LivingEntityRenderer.
[13sep2026 11:47:23.090] [Render thread/WARN] [com.github.alexmodguy.alexscaves.AlexsCaves/]: Could not apply radiation glow layer to minecraft:leash_knot, has custom renderer that is not LivingEntityRenderer.
[13sep2026 11:47:23.090] [Render thread/WARN] [com.github.alexmodguy.alexscaves.AlexsCaves/]: Could not apply radiation glow layer to minecraft:lightning_bolt, has custom renderer that is not LivingEntityRenderer.
[13sep2026 11:47:23.090] [Render thread/WARN] [com.github.alexmodguy.alexscaves.AlexsCaves/]: Could not apply radiation glow layer to minecraft:llama_spit, has custom renderer that is not LivingEntityRenderer.
[13sep2026 11:47:23.090] [Render thread/WARN] [com.github.alexmodguy.alexscaves.AlexsCaves/]: Could not apply radiation glow layer to minecraft:marker, has custom renderer that is not LivingEntityRenderer.
[13sep2026 11:47:23.090] [Render thread/WARN] [com.github.alexmodguy.alexscaves.AlexsCaves/]: Could not apply radiation glow layer to minecraft:minecart, has custom renderer that is not LivingEntityRenderer.
[13sep2026 11:47:23.090] [Render thread/WARN] [com.github.alexmodguy.alexscaves.AlexsCaves/]: Could not apply radiation glow layer to minecraft:painting, has custom renderer that is not LivingEntityRenderer.
[13sep2026 11:47:23.090] [Render thread/WARN] [com.github.alexmodguy.alexscaves.AlexsCaves/]: Could not apply radiation glow layer to minecraft:potion, has custom renderer that is not LivingEntityRenderer.
[13sep2026 11:47:23.090] [Render thread/WARN] [com.github.alexmodguy.alexscaves.AlexsCaves/]: Could not apply radiation glow layer to minecraft:shulker_bullet, has custom renderer that is not LivingEntityRenderer.
[13sep2026 11:47:23.090] [Render thread/WARN] [com.github.alexmodguy.alexscaves.AlexsCaves/]: Could not apply radiation glow layer to minecraft:small_fireball, has custom renderer that is not LivingEntityRenderer.
[13sep2026 11:47:23.090] [Render thread/WARN] [com.github.alexmodguy.alexscaves.AlexsCaves/]: Could not apply radiation glow layer to minecraft:snowball, has custom renderer that is not LivingEntityRenderer.
[13sep2026 11:47:23.090] [Render thread/WARN] [com.github.alexmodguy.alexscaves.AlexsCaves/]: Could not apply radiation glow layer to minecraft:spawner_minecart, has custom renderer that is not LivingEntityRenderer.
[13sep2026 11:47:23.090] [Render thread/WARN] [com.github.alexmodguy.alexscaves.AlexsCaves/]: Could not apply radiation glow layer to minecraft:spectral_arrow, has custom renderer that is not LivingEntityRenderer.
[13sep2026 11:47:23.090] [Render thread/WARN] [com.github.alexmodguy.alexscaves.AlexsCaves/]: Could not apply radiation glow layer to minecraft:text_display, has custom renderer that is not LivingEntityRenderer.
[13sep2026 11:47:23.090] [Render thread/WARN] [com.github.alexmodguy.alexscaves.AlexsCaves/]: Could not apply radiation glow layer to minecraft:tnt, has custom renderer that is not LivingEntityRenderer.
[13sep2026 11:47:23.090] [Render thread/WARN] [com.github.alexmodguy.alexscaves.AlexsCaves/]: Could not apply radiation glow layer to minecraft:tnt_minecart, has custom renderer that is not LivingEntityRenderer.
[13sep2026 11:47:23.090] [Render thread/WARN] [com.github.alexmodguy.alexscaves.AlexsCaves/]: Could not apply radiation glow layer to minecraft:trident, has custom renderer that is not LivingEntityRenderer.
[13sep2026 11:47:23.090] [Render thread/WARN] [com.github.alexmodguy.alexscaves.AlexsCaves/]: Could not apply radiation glow layer to minecraft:wind_charge, has custom renderer that is not LivingEntityRenderer.
[13sep2026 11:47:23.090] [Render thread/WARN] [com.github.alexmodguy.alexscaves.AlexsCaves/]: Could not apply radiation glow layer to minecraft:wither_skull, has custom renderer that is not LivingEntityRenderer.
[13sep2026 11:47:23.090] [Render thread/WARN] [com.github.alexmodguy.alexscaves.AlexsCaves/]: Could not apply radiation glow layer to minecraft:fishing_bobber, has custom renderer that is not LivingEntityRenderer.
[13sep2026 11:47:23.090] [Render thread/WARN] [com.github.alexmodguy.alexscaves.AlexsCaves/]: Could not apply radiation glow layer to sophisticatedbackpacks:everlasting_backpack_item, has custom renderer that is not LivingEntityRenderer.
[13sep2026 11:47:23.092] [Render thread/WARN] [com.github.alexmodguy.alexscaves.AlexsCaves/]: Could not apply radiation glow layer to simulated:honey_glue, has custom renderer that is not LivingEntityRenderer.
[13sep2026 11:47:23.092] [Render thread/WARN] [com.github.alexmodguy.alexscaves.AlexsCaves/]: Could not apply radiation glow layer to simulated:launched_plunger, has custom renderer that is not LivingEntityRenderer.
[13sep2026 11:47:23.092] [Render thread/WARN] [com.github.alexmodguy.alexscaves.AlexsCaves/]: Could not apply radiation glow layer to simulated:contraption_diagram, has custom renderer that is not LivingEntityRenderer.
[13sep2026 11:47:23.092] [Render thread/WARN] [com.github.alexmodguy.alexscaves.AlexsCaves/]: Could not apply radiation glow layer to createdieselgenerators:chemical_sprayer_projectile, has custom renderer that is not LivingEntityRenderer.
[13sep2026 11:47:23.092] [Render thread/WARN] [com.github.alexmodguy.alexscaves.AlexsCaves/]: Could not apply radiation glow layer to farmersdelight:rotten_tomato, has custom renderer that is not LivingEntityRenderer.
[13sep2026 11:47:23.092] [Render thread/WARN] [com.github.alexmodguy.alexscaves.AlexsCaves/]: Could not apply radiation glow layer to mcwfurnitures:chair, has custom renderer that is not LivingEntityRenderer.
[13sep2026 11:47:23.092] [Render thread/WARN] [com.github.alexmodguy.alexscaves.AlexsCaves/]: Could not apply radiation glow layer to mcwfurnitures:couch, has custom renderer that is not LivingEntityRenderer.
[13sep2026 11:47:23.092] [Render thread/WARN] [com.github.alexmodguy.alexscaves.AlexsCaves/]: Could not apply radiation glow layer to refurbished_furniture:seat, has custom renderer that is not LivingEntityRenderer.
[13sep2026 11:47:23.092] [Render thread/WARN] [com.github.alexmodguy.alexscaves.AlexsCaves/]: Could not apply radiation glow layer to createbigcannons:pitch_contraption, has custom renderer that is not LivingEntityRenderer.
[13sep2026 11:47:23.092] [Render thread/WARN] [com.github.alexmodguy.alexscaves.AlexsCaves/]: Could not apply radiation glow layer to createbigcannons:shot, has custom renderer that is not LivingEntityRenderer.
[13sep2026 11:47:23.092] [Render thread/WARN] [com.github.alexmodguy.alexscaves.AlexsCaves/]: Could not apply radiation glow layer to createbigcannons:he_shell, has custom renderer that is not LivingEntityRenderer.
[13sep2026 11:47:23.092] [Render thread/WARN] [com.github.alexmodguy.alexscaves.AlexsCaves/]: Could not apply radiation glow layer to createbigcannons:shrapnel_shell, has custom renderer that is not LivingEntityRenderer.
[13sep2026 11:47:23.092] [Render thread/WARN] [com.github.alexmodguy.alexscaves.AlexsCaves/]: Could not apply radiation glow layer to createbigcannons:bag_of_grapeshot, has custom renderer that is not LivingEntityRenderer.
[13sep2026 11:47:23.092] [Render thread/WARN] [com.github.alexmodguy.alexscaves.AlexsCaves/]: Could not apply radiation glow layer to createbigcannons:ap_shot, has custom renderer that is not LivingEntityRenderer.
[13sep2026 11:47:23.092] [Render thread/WARN] [com.github.alexmodguy.alexscaves.AlexsCaves/]: Could not apply radiation glow layer to createbigcannons:traffic_cone, has custom renderer that is not LivingEntityRenderer.
[13sep2026 11:47:23.092] [Render thread/WARN] [com.github.alexmodguy.alexscaves.AlexsCaves/]: Could not apply radiation glow layer to createbigcannons:ap_shell, has custom renderer that is not LivingEntityRenderer.
[13sep2026 11:47:23.092] [Render thread/WARN] [com.github.alexmodguy.alexscaves.AlexsCaves/]: Could not apply radiation glow layer to createbigcannons:fluid_shell, has custom renderer that is not LivingEntityRenderer.
[13sep2026 11:47:23.092] [Render thread/WARN] [com.github.alexmodguy.alexscaves.AlexsCaves/]: Could not apply radiation glow layer to createbigcannons:smoke_shell, has custom renderer that is not LivingEntityRenderer.
[13sep2026 11:47:23.092] [Render thread/WARN] [com.github.alexmodguy.alexscaves.AlexsCaves/]: Could not apply radiation glow layer to createbigcannons:mortar_stone, has custom renderer that is not LivingEntityRenderer.
[13sep2026 11:47:23.092] [Render thread/WARN] [com.github.alexmodguy.alexscaves.AlexsCaves/]: Could not apply radiation glow layer to createbigcannons:drop_mortar_shell, has custom renderer that is not LivingEntityRenderer.
[13sep2026 11:47:23.092] [Render thread/WARN] [com.github.alexmodguy.alexscaves.AlexsCaves/]: Could not apply radiation glow layer to createbigcannons:shrapnel_burst, has custom renderer that is not LivingEntityRenderer.
[13sep2026 11:47:23.092] [Render thread/WARN] [com.github.alexmodguy.alexscaves.AlexsCaves/]: Could not apply radiation glow layer to createbigcannons:flak_burst, has custom renderer that is not LivingEntityRenderer.
[13sep2026 11:47:23.092] [Render thread/WARN] [com.github.alexmodguy.alexscaves.AlexsCaves/]: Could not apply radiation glow layer to createbigcannons:grapeshot_burst, has custom renderer that is not LivingEntityRenderer.
[13sep2026 11:47:23.092] [Render thread/WARN] [com.github.alexmodguy.alexscaves.AlexsCaves/]: Could not apply radiation glow layer to createbigcannons:fluid_blob_burst, has custom renderer that is not LivingEntityRenderer.
[13sep2026 11:47:23.092] [Render thread/WARN] [com.github.alexmodguy.alexscaves.AlexsCaves/]: Could not apply radiation glow layer to createbigcannons:smoke_emitter, has custom renderer that is not LivingEntityRenderer.
[13sep2026 11:47:23.092] [Render thread/WARN] [com.github.alexmodguy.alexscaves.AlexsCaves/]: Could not apply radiation glow layer to createbigcannons:gas_cloud, has custom renderer that is not LivingEntityRenderer.
[13sep2026 11:47:23.092] [Render thread/WARN] [com.github.alexmodguy.alexscaves.AlexsCaves/]: Could not apply radiation glow layer to createbigcannons:cannon_carriage, has custom renderer that is not LivingEntityRenderer.
[13sep2026 11:47:23.092] [Render thread/WARN] [com.github.alexmodguy.alexscaves.AlexsCaves/]: Could not apply radiation glow layer to createbigcannons:ap_autocannon, has custom renderer that is not LivingEntityRenderer.
[13sep2026 11:47:23.092] [Render thread/WARN] [com.github.alexmodguy.alexscaves.AlexsCaves/]: Could not apply radiation glow layer to createbigcannons:flak_autocannon, has custom renderer that is not LivingEntityRenderer.
[13sep2026 11:47:23.092] [Render thread/WARN] [com.github.alexmodguy.alexscaves.AlexsCaves/]: Could not apply radiation glow layer to createbigcannons:machine_gun_bullet, has custom renderer that is not LivingEntityRenderer.
[13sep2026 11:47:23.092] [Render thread/WARN] [com.github.alexmodguy.alexscaves.AlexsCaves/]: Could not apply radiation glow layer to createbigcannons:primed_propellant, has custom renderer that is not LivingEntityRenderer.
[13sep2026 11:47:23.092] [Render thread/WARN] [com.github.alexmodguy.alexscaves.AlexsCaves/]: Could not apply radiation glow layer to aeronautics:propeller_bearing_contraption, has custom renderer that is not LivingEntityRenderer.
[13sep2026 11:47:23.092] [Render thread/WARN] [com.github.alexmodguy.alexscaves.AlexsCaves/]: Could not apply radiation glow layer to aeronautics:gust, has custom renderer that is not LivingEntityRenderer.
[13sep2026 11:47:23.092] [Render thread/WARN] [com.github.alexmodguy.alexscaves.AlexsCaves/]: Could not apply radiation glow layer to ramadandelight:mod_boat, has custom renderer that is not LivingEntityRenderer.
[13sep2026 11:47:23.092] [Render thread/WARN] [com.github.alexmodguy.alexscaves.AlexsCaves/]: Could not apply radiation glow layer to ramadandelight:mod_chest_boat, has custom renderer that is not LivingEntityRenderer.
[13sep2026 11:47:23.092] [Render thread/WARN] [com.github.alexmodguy.alexscaves.AlexsCaves/]: Could not apply radiation glow layer to offroad:borehead_contraption_entity, has custom renderer that is not LivingEntityRenderer.
[13sep2026 11:47:23.092] [Render thread/WARN] [com.github.alexmodguy.alexscaves.AlexsCaves/]: Could not apply radiation glow layer to alexscaves:boat, has custom renderer that is not LivingEntityRenderer.
[13sep2026 11:47:23.092] [Render thread/WARN] [com.github.alexmodguy.alexscaves.AlexsCaves/]: Could not apply radiation glow layer to alexscaves:chest_boat, has custom renderer that is not LivingEntityRenderer.
[13sep2026 11:47:23.092] [Render thread/WARN] [com.github.alexmodguy.alexscaves.AlexsCaves/]: Could not apply radiation glow layer to alexscaves:moving_metal_block, has custom renderer that is not LivingEntityRenderer.
[13sep2026 11:47:23.092] [Render thread/WARN] [com.github.alexmodguy.alexscaves.AlexsCaves/]: Could not apply radiation glow layer to alexscaves:magnetic_weapon, has custom renderer that is not LivingEntityRenderer.
[13sep2026 11:47:23.092] [Render thread/WARN] [com.github.alexmodguy.alexscaves.AlexsCaves/]: Could not apply radiation glow layer to alexscaves:ferrouslime, has custom renderer that is not LivingEntityRenderer.
[13sep2026 11:47:23.092] [Render thread/WARN] [com.github.alexmodguy.alexscaves.AlexsCaves/]: Could not apply radiation glow layer to alexscaves:quarry_smasher, has custom renderer that is not LivingEntityRenderer.
[13sep2026 11:47:23.092] [Render thread/WARN] [com.github.alexmodguy.alexscaves.AlexsCaves/]: Could not apply radiation glow layer to alexscaves:seeking_arrow, has custom renderer that is not LivingEntityRenderer.
[13sep2026 11:47:23.092] [Render thread/WARN] [com.github.alexmodguy.alexscaves.AlexsCaves/]: Could not apply radiation glow layer to alexscaves:tephra, has custom renderer that is not LivingEntityRenderer.
[13sep2026 11:47:23.092] [Render thread/WARN] [com.github.alexmodguy.alexscaves.AlexsCaves/]: Could not apply radiation glow layer to alexscaves:falling_tree_block, has custom renderer that is not LivingEntityRenderer.
[13sep2026 11:47:23.092] [Render thread/WARN] [com.github.alexmodguy.alexscaves.AlexsCaves/]: Could not apply radiation glow layer to alexscaves:crushed_block, has custom renderer that is not LivingEntityRenderer.
[13sep2026 11:47:23.092] [Render thread/WARN] [com.github.alexmodguy.alexscaves.AlexsCaves/]: Could not apply radiation glow layer to alexscaves:limestone_spear, has custom renderer that is not LivingEntityRenderer.
[13sep2026 11:47:23.092] [Render thread/WARN] [com.github.alexmodguy.alexscaves.AlexsCaves/]: Could not apply radiation glow layer to alexscaves:extinction_spear, has custom renderer that is not LivingEntityRenderer.
[13sep2026 11:47:23.092] [Render thread/WARN] [com.github.alexmodguy.alexscaves.AlexsCaves/]: Could not apply radiation glow layer to alexscaves:dinosaur_spirit, has custom renderer that is not LivingEntityRenderer.
[13sep2026 11:47:23.092] [Render thread/WARN] [com.github.alexmodguy.alexscaves.AlexsCaves/]: Could not apply radiation glow layer to alexscaves:nuclear_explosion, has custom renderer that is not LivingEntityRenderer.
[13sep2026 11:47:23.092] [Render thread/WARN] [com.github.alexmodguy.alexscaves.AlexsCaves/]: Could not apply radiation glow layer to alexscaves:nuclear_bomb, has custom renderer that is not LivingEntityRenderer.
[13sep2026 11:47:23.092] [Render thread/WARN] [com.github.alexmodguy.alexscaves.AlexsCaves/]: Could not apply radiation glow layer to alexscaves:thrown_waste_drum, has custom renderer that is not LivingEntityRenderer.
[13sep2026 11:47:23.092] [Render thread/WARN] [com.github.alexmodguy.alexscaves.AlexsCaves/]: Could not apply radiation glow layer to alexscaves:cinder_brick, has custom renderer that is not LivingEntityRenderer.
[13sep2026 11:47:23.092] [Render thread/WARN] [com.github.alexmodguy.alexscaves.AlexsCaves/]: Could not apply radiation glow layer to alexscaves:submarine, has custom renderer that is not LivingEntityRenderer.
[13sep2026 11:47:23.092] [Render thread/WARN] [com.github.alexmodguy.alexscaves.AlexsCaves/]: Could not apply radiation glow layer to alexscaves:ink_bomb, has custom renderer that is not LivingEntityRenderer.
[13sep2026 11:47:23.092] [Render thread/WARN] [com.github.alexmodguy.alexscaves.AlexsCaves/]: Could not apply radiation glow layer to alexscaves:water_bolt, has custom renderer that is not LivingEntityRenderer.
[13sep2026 11:47:23.092] [Render thread/WARN] [com.github.alexmodguy.alexscaves.AlexsCaves/]: Could not apply radiation glow layer to alexscaves:wave, has custom renderer that is not LivingEntityRenderer.
[13sep2026 11:47:23.092] [Render thread/WARN] [com.github.alexmodguy.alexscaves.AlexsCaves/]: Could not apply radiation glow layer to alexscaves:mine_guardian_anchor, has custom renderer that is not LivingEntityRenderer.
[13sep2026 11:47:23.092] [Render thread/WARN] [com.github.alexmodguy.alexscaves.AlexsCaves/]: Could not apply radiation glow layer to alexscaves:depth_charge, has custom renderer that is not LivingEntityRenderer.
[13sep2026 11:47:23.092] [Render thread/WARN] [com.github.alexmodguy.alexscaves.AlexsCaves/]: Could not apply radiation glow layer to alexscaves:floater, has custom renderer that is not LivingEntityRenderer.
[13sep2026 11:47:23.092] [Render thread/WARN] [com.github.alexmodguy.alexscaves.AlexsCaves/]: Could not apply radiation glow layer to alexscaves:guano, has custom renderer that is not LivingEntityRenderer.
[13sep2026 11:47:23.093] [Render thread/WARN] [com.github.alexmodguy.alexscaves.AlexsCaves/]: Could not apply radiation glow layer to alexscaves:falling_guano, has custom renderer that is not LivingEntityRenderer.
[13sep2026 11:47:23.093] [Render thread/WARN] [com.github.alexmodguy.alexscaves.AlexsCaves/]: Could not apply radiation glow layer to alexscaves:beholder_eye, has custom renderer that is not LivingEntityRenderer.
[13sep2026 11:47:23.093] [Render thread/WARN] [com.github.alexmodguy.alexscaves.AlexsCaves/]: Could not apply radiation glow layer to alexscaves:desolate_dagger, has custom renderer that is not LivingEntityRenderer.
[13sep2026 11:47:23.093] [Render thread/WARN] [com.github.alexmodguy.alexscaves.AlexsCaves/]: Could not apply radiation glow layer to alexscaves:burrowing_arrow, has custom renderer that is not LivingEntityRenderer.
[13sep2026 11:47:23.093] [Render thread/WARN] [com.github.alexmodguy.alexscaves.AlexsCaves/]: Could not apply radiation glow layer to alexscaves:dark_arrow, has custom renderer that is not LivingEntityRenderer.
[13sep2026 11:47:23.093] [Render thread/WARN] [com.github.alexmodguy.alexscaves.AlexsCaves/]: Could not apply radiation glow layer to alexscaves:gumball, has custom renderer that is not LivingEntityRenderer.
[13sep2026 11:47:23.093] [Render thread/WARN] [com.github.alexmodguy.alexscaves.AlexsCaves/]: Could not apply radiation glow layer to alexscaves:gum_worm_segment, has custom renderer that is not LivingEntityRenderer.
[13sep2026 11:47:23.093] [Render thread/WARN] [com.github.alexmodguy.alexscaves.AlexsCaves/]: Could not apply radiation glow layer to alexscaves:melted_caramel, has custom renderer that is not LivingEntityRenderer.
[13sep2026 11:47:23.093] [Render thread/WARN] [com.github.alexmodguy.alexscaves.AlexsCaves/]: Could not apply radiation glow layer to alexscaves:spinning_peppermint, has custom renderer that is not LivingEntityRenderer.
[13sep2026 11:47:23.093] [Render thread/WARN] [com.github.alexmodguy.alexscaves.AlexsCaves/]: Could not apply radiation glow layer to alexscaves:sugar_staff_hex, has custom renderer that is not LivingEntityRenderer.
[13sep2026 11:47:23.093] [Render thread/WARN] [com.github.alexmodguy.alexscaves.AlexsCaves/]: Could not apply radiation glow layer to alexscaves:thrown_ice_cream_scoop, has custom renderer that is not LivingEntityRenderer.
[13sep2026 11:47:23.093] [Render thread/WARN] [com.github.alexmodguy.alexscaves.AlexsCaves/]: Could not apply radiation glow layer to alexscaves:falling_frostmint, has custom renderer that is not LivingEntityRenderer.
[13sep2026 11:47:23.093] [Render thread/WARN] [com.github.alexmodguy.alexscaves.AlexsCaves/]: Could not apply radiation glow layer to alexscaves:candy_cane_hook, has custom renderer that is not LivingEntityRenderer.
[13sep2026 11:47:23.093] [Render thread/WARN] [com.github.alexmodguy.alexscaves.AlexsCaves/]: Could not apply radiation glow layer to alexscaves:soda_bottle_rocket, has custom renderer that is not LivingEntityRenderer.
[13sep2026 11:47:23.093] [Render thread/WARN] [com.github.alexmodguy.alexscaves.AlexsCaves/]: Could not apply radiation glow layer to alexscaves:frostmint_spear, has custom renderer that is not LivingEntityRenderer.
[13sep2026 11:47:23.093] [Render thread/WARN] [com.github.alexmodguy.alexscaves.AlexsCaves/]: Could not apply radiation glow layer to mekanism:flame, has custom renderer that is not LivingEntityRenderer.
[13sep2026 11:47:23.093] [Render thread/WARN] [com.github.alexmodguy.alexscaves.AlexsCaves/]: Could not apply radiation glow layer to mekanismadditions:balloon, has custom renderer that is not LivingEntityRenderer.
[13sep2026 11:47:23.093] [Render thread/WARN] [com.github.alexmodguy.alexscaves.AlexsCaves/]: Could not apply radiation glow layer to mekanismadditions:obsidian_tnt, has custom renderer that is not LivingEntityRenderer.
[13sep2026 11:47:23.093] [Render thread/WARN] [com.github.alexmodguy.alexscaves.AlexsCaves/]: Could not apply radiation glow layer to immersiveengineering:chemthrower_shot, has custom renderer that is not LivingEntityRenderer.
[13sep2026 11:47:23.093] [Render thread/WARN] [com.github.alexmodguy.alexscaves.AlexsCaves/]: Could not apply radiation glow layer to immersiveengineering:fluorescent_tube, has custom renderer that is not LivingEntityRenderer.
[13sep2026 11:47:23.093] [Render thread/WARN] [com.github.alexmodguy.alexscaves.AlexsCaves/]: Could not apply radiation glow layer to immersiveengineering:explosive, has custom renderer that is not LivingEntityRenderer.
[13sep2026 11:47:23.093] [Render thread/WARN] [com.github.alexmodguy.alexscaves.AlexsCaves/]: Could not apply radiation glow layer to immersiveengineering:railgun_shot, has custom renderer that is not LivingEntityRenderer.
[13sep2026 11:47:23.093] [Render thread/WARN] [com.github.alexmodguy.alexscaves.AlexsCaves/]: Could not apply radiation glow layer to immersiveengineering:revolver_shot, has custom renderer that is not LivingEntityRenderer.
[13sep2026 11:47:23.093] [Render thread/WARN] [com.github.alexmodguy.alexscaves.AlexsCaves/]: Could not apply radiation glow layer to immersiveengineering:revolver_shot_flare, has custom renderer that is not LivingEntityRenderer.
[13sep2026 11:47:23.093] [Render thread/WARN] [com.github.alexmodguy.alexscaves.AlexsCaves/]: Could not apply radiation glow layer to immersiveengineering:revolver_shot_homing, has custom renderer that is not LivingEntityRenderer.
[13sep2026 11:47:23.093] [Render thread/WARN] [com.github.alexmodguy.alexscaves.AlexsCaves/]: Could not apply radiation glow layer to immersiveengineering:skyline_hook, has custom renderer that is not LivingEntityRenderer.
[13sep2026 11:47:23.093] [Render thread/WARN] [com.github.alexmodguy.alexscaves.AlexsCaves/]: Could not apply radiation glow layer to immersiveengineering:revolver_shot_wolfpack, has custom renderer that is not LivingEntityRenderer.
[13sep2026 11:47:23.093] [Render thread/WARN] [com.github.alexmodguy.alexscaves.AlexsCaves/]: Could not apply radiation glow layer to immersiveengineering:cart_woodencrate, has custom renderer that is not LivingEntityRenderer.
[13sep2026 11:47:23.093] [Render thread/WARN] [com.github.alexmodguy.alexscaves.AlexsCaves/]: Could not apply radiation glow layer to immersiveengineering:cart_reinforcedcrate, has custom renderer that is not LivingEntityRenderer.
[13sep2026 11:47:23.093] [Render thread/WARN] [com.github.alexmodguy.alexscaves.AlexsCaves/]: Could not apply radiation glow layer to immersiveengineering:cart_woodenbarrel, has custom renderer that is not LivingEntityRenderer.
[13sep2026 11:47:23.093] [Render thread/WARN] [com.github.alexmodguy.alexscaves.AlexsCaves/]: Could not apply radiation glow layer to immersiveengineering:cart_metalbarrel, has custom renderer that is not LivingEntityRenderer.
[13sep2026 11:47:23.093] [Render thread/WARN] [com.github.alexmodguy.alexscaves.AlexsCaves/]: Could not apply radiation glow layer to immersiveengineering:sawblade, has custom renderer that is not LivingEntityRenderer.
[13sep2026 11:47:23.093] [Render thread/WARN] [com.github.alexmodguy.alexscaves.AlexsCaves/]: Could not apply radiation glow layer to securitycraft:bouncingbetty, has custom renderer that is not LivingEntityRenderer.
[13sep2026 11:47:23.093] [Render thread/WARN] [com.github.alexmodguy.alexscaves.AlexsCaves/]: Could not apply radiation glow layer to securitycraft:imsbomb, has custom renderer that is not LivingEntityRenderer.
[13sep2026 11:47:23.093] [Render thread/WARN] [com.github.alexmodguy.alexscaves.AlexsCaves/]: Could not apply radiation glow layer to securitycraft:securitycamera, has custom renderer that is not LivingEntityRenderer.
[13sep2026 11:47:23.093] [Render thread/WARN] [com.github.alexmodguy.alexscaves.AlexsCaves/]: Could not apply radiation glow layer to securitycraft:sentry, has custom renderer that is not LivingEntityRenderer.
[13sep2026 11:47:23.093] [Render thread/WARN] [com.github.alexmodguy.alexscaves.AlexsCaves/]: Could not apply radiation glow layer to securitycraft:bullet, has custom renderer that is not LivingEntityRenderer.
[13sep2026 11:47:23.093] [Render thread/WARN] [com.github.alexmodguy.alexscaves.AlexsCaves/]: Could not apply radiation glow layer to securitycraft:security_sea_boat, has custom renderer that is not LivingEntityRenderer.
[13sep2026 11:47:23.093] [Render thread/WARN] [com.github.alexmodguy.alexscaves.AlexsCaves/]: Could not apply radiation glow layer to create:contraption, has custom renderer that is not LivingEntityRenderer.
[13sep2026 11:47:23.093] [Render thread/WARN] [com.github.alexmodguy.alexscaves.AlexsCaves/]: Could not apply radiation glow layer to create:stationary_contraption, has custom renderer that is not LivingEntityRenderer.
[13sep2026 11:47:23.093] [Render thread/WARN] [com.github.alexmodguy.alexscaves.AlexsCaves/]: Could not apply radiation glow layer to create:gantry_contraption, has custom renderer that is not LivingEntityRenderer.
[13sep2026 11:47:23.093] [Render thread/WARN] [com.github.alexmodguy.alexscaves.AlexsCaves/]: Could not apply radiation glow layer to create:carriage_contraption, has custom renderer that is not LivingEntityRenderer.
[13sep2026 11:47:23.093] [Render thread/WARN] [com.github.alexmodguy.alexscaves.AlexsCaves/]: Could not apply radiation glow layer to create:super_glue, has custom renderer that is not LivingEntityRenderer.
[13sep2026 11:47:23.093] [Render thread/WARN] [com.github.alexmodguy.alexscaves.AlexsCaves/]: Could not apply radiation glow layer to create:crafting_blueprint, has custom renderer that is not LivingEntityRenderer.
[13sep2026 11:47:23.093] [Render thread/WARN] [com.github.alexmodguy.alexscaves.AlexsCaves/]: Could not apply radiation glow layer to create:potato_projectile, has custom renderer that is not LivingEntityRenderer.
[13sep2026 11:47:23.093] [Render thread/WARN] [com.github.alexmodguy.alexscaves.AlexsCaves/]: Could not apply radiation glow layer to create:seat, has custom renderer that is not LivingEntityRenderer.
[13sep2026 11:47:23.093] [Render thread/WARN] [com.github.alexmodguy.alexscaves.AlexsCaves/]: Could not apply radiation glow layer to create:package, has custom renderer that is not LivingEntityRenderer.
[13sep2026 11:47:23.093] [Render thread/WARN] [com.github.alexmodguy.alexscaves.AlexsCaves/]: Could not apply radiation glow layer to interiors:big_seat, has custom renderer that is not LivingEntityRenderer.
[13sep2026 11:47:23.095] [Render thread/WARN] [com.github.alexmodguy.alexscaves.AlexsCaves/]: Could not apply radiation glow layer to powergrid:hanging_wire, has custom renderer that is not LivingEntityRenderer.
[13sep2026 11:47:23.095] [Render thread/WARN] [com.github.alexmodguy.alexscaves.AlexsCaves/]: Could not apply radiation glow layer to powergrid:block_wire, has custom renderer that is not LivingEntityRenderer.
[13sep2026 11:47:23.095] [Render thread/WARN] [com.github.alexmodguy.alexscaves.AlexsCaves/]: Could not apply radiation glow layer to powergrid:cord, has custom renderer that is not LivingEntityRenderer.
[13sep2026 11:47:23.095] [Render thread/WARN] [com.github.alexmodguy.alexscaves.AlexsCaves/]: Could not apply radiation glow layer to powergrid:string_light_cord, has custom renderer that is not LivingEntityRenderer.
[13sep2026 11:47:23.095] [Render thread/WARN] [com.github.alexmodguy.alexscaves.AlexsCaves/]: Could not apply radiation glow layer to powergrid:zap_projectile, has custom renderer that is not LivingEntityRenderer.
[13sep2026 11:47:23.095] [Render thread/WARN] [com.github.alexmodguy.alexscaves.AlexsCaves/]: Could not apply radiation glow layer to powerplantgrid:insulator_on_wire, has custom renderer that is not LivingEntityRenderer.
[13sep2026 11:47:23.095] [Render thread/WARN] [com.github.alexmodguy.alexscaves.AlexsCaves/]: Could not apply radiation glow layer to powerplantgrid:clamp_on_wire, has custom renderer that is not LivingEntityRenderer.
[13sep2026 11:47:23.095] [Render thread/WARN] [com.github.alexmodguy.alexscaves.AlexsCaves/]: Could not apply radiation glow layer to powerplantgrid:breaker_shaft, has custom renderer that is not LivingEntityRenderer.
[13sep2026 11:47:23.095] [Render thread/WARN] [com.github.alexmodguy.alexscaves.AlexsCaves/]: Could not apply radiation glow layer to electroenergetics:detached_node, has custom renderer that is not LivingEntityRenderer.
[13sep2026 11:47:23.095] [Render thread/WARN] [com.github.alexmodguy.alexscaves.AlexsCaves/]: Could not apply radiation glow layer to aquaculture:bobber, has custom renderer that is not LivingEntityRenderer.
[13sep2026 11:47:23.095] [Render thread/WARN] [com.github.alexmodguy.alexscaves.AlexsCaves/]: Could not apply radiation glow layer to aquaculture:water_arrow, has custom renderer that is not LivingEntityRenderer.
[13sep2026 11:47:23.095] [Render thread/WARN] [com.github.alexmodguy.alexscaves.AlexsCaves/]: Could not apply radiation glow layer to aquaculture:spectral_water_arrow, has custom renderer that is not LivingEntityRenderer.
[13sep2026 11:47:23.095] [Render thread/WARN] [com.github.alexmodguy.alexscaves.AlexsCaves/]: Could not apply radiation glow layer to aquaculture:oak_fish_mount, has custom renderer that is not LivingEntityRenderer.
[13sep2026 11:47:23.095] [Render thread/WARN] [com.github.alexmodguy.alexscaves.AlexsCaves/]: Could not apply radiation glow layer to aquaculture:spruce_fish_mount, has custom renderer that is not LivingEntityRenderer.
[13sep2026 11:47:23.095] [Render thread/WARN] [com.github.alexmodguy.alexscaves.AlexsCaves/]: Could not apply radiation glow layer to aquaculture:birch_fish_mount, has custom renderer that is not LivingEntityRenderer.
[13sep2026 11:47:23.095] [Render thread/WARN] [com.github.alexmodguy.alexscaves.AlexsCaves/]: Could not apply radiation glow layer to aquaculture:jungle_fish_mount, has custom renderer that is not LivingEntityRenderer.
[13sep2026 11:47:23.095] [Render thread/WARN] [com.github.alexmodguy.alexscaves.AlexsCaves/]: Could not apply radiation glow layer to aquaculture:acacia_fish_mount, has custom renderer that is not LivingEntityRenderer.
[13sep2026 11:47:23.095] [Render thread/WARN] [com.github.alexmodguy.alexscaves.AlexsCaves/]: Could not apply radiation glow layer to aquaculture:dark_oak_fish_mount, has custom renderer that is not LivingEntityRenderer.
[13sep2026 11:47:23.095] [Render thread/WARN] [com.github.alexmodguy.alexscaves.AlexsCaves/]: Could not apply radiation glow layer to createthrusters:launched_claw, has custom renderer that is not LivingEntityRenderer.
[13sep2026 11:47:23.101] [Render thread/INFO] [net.minecraft.client.renderer.texture.TextureAtlas/]: Created: 2048x1024x0 minecraft:textures/atlas/particles.png-atlas
[13sep2026 11:47:23.108] [Render thread/INFO] [net.minecraft.client.renderer.texture.TextureAtlas/]: Created: 512x512x0 minecraft:textures/atlas/paintings.png-atlas
[13sep2026 11:47:23.110] [Render thread/INFO] [net.minecraft.client.renderer.texture.TextureAtlas/]: Created: 256x256x0 minecraft:textures/atlas/mob_effects.png-atlas
[13sep2026 11:47:23.111] [Render thread/INFO] [net.minecraft.client.renderer.texture.TextureAtlas/]: Created: 64x64x0 minecraft:textures/atlas/map_decorations.png-atlas
[13sep2026 11:47:23.111] [Render thread/INFO] [net.minecraft.client.renderer.texture.TextureAtlas/]: Created: 1024x1024x0 minecraft:textures/atlas/gui.png-atlas
[13sep2026 11:47:23.166] [Render thread/WARN] [net.minecraft.client.renderer.ShaderInstance/]: Shader rendertype_entity_translucent_emissive could not find sampler named Sampler2 in the specified shader program.
[13sep2026 11:47:23.297] [Render thread/WARN] [Veil/]: Shader computercraft/monitor_tbo could not find uniform named CursorColour in the specified shader program.
[13sep2026 11:47:23.297] [Render thread/WARN] [Veil/]: Shader computercraft/monitor_tbo could not find uniform named CursorPos in the specified shader program.
[13sep2026 11:47:23.297] [Render thread/WARN] [Veil/]: Shader computercraft/monitor_tbo could not find uniform named Height in the specified shader program.
[13sep2026 11:47:23.297] [Render thread/WARN] [Veil/]: Shader computercraft/monitor_tbo could not find uniform named Width in the specified shader program.
[13sep2026 11:47:23.322] [Render thread/INFO] [com.github.alexmodguy.alexscaves.AlexsCaves/]: registered internal shaders
[13sep2026 11:47:23.360] [Render thread/WARN] [net.minecraft.client.renderer.ShaderInstance/]: Shader createthrusterslib:area_highlight could not find sampler named Sampler0 in the specified shader program.
[13sep2026 11:47:23.386] [VeilVanillaShaderCompileThread#0/ERROR] [Veil/]: Couldn't load vanilla shader from mekanism:shaders/core/rendertype_mekasuit.fsh, skipping
java.lang.NullPointerException: Cannot invoke "io.github.ocelot.glslprocessor.api.node.GlslNodeList.iterator()" because "this.body" is null
	at LAYER PLUGIN/glsl.processor@0.2.3/io.github.ocelot.glslprocessor.api.node.function.GlslFunctionNode.visit(GlslFunctionNode.java:37) ~[glsl-processor-0.2.3.jar%23530!/:?]
	at LAYER PLUGIN/glsl.processor@0.2.3/io.github.ocelot.glslprocessor.api.visitor.GlslTreeStringWriter.visitFunction(GlslTreeStringWriter.java:97) ~[glsl-processor-0.2.3.jar%23530!/:?]
	at LAYER PLUGIN/glsl.processor@0.2.3/io.github.ocelot.glslprocessor.api.node.GlslTree.visit(GlslTree.java:51) ~[glsl-processor-0.2.3.jar%23530!/:?]
	at LAYER PLUGIN/glsl.processor@0.2.3/io.github.ocelot.glslprocessor.api.node.GlslTree.visit(GlslTree.java:99) ~[glsl-processor-0.2.3.jar%23530!/:?]
	at LAYER PLUGIN/glsl.processor@0.2.3/io.github.ocelot.glslprocessor.api.node.GlslTree.toSourceString(GlslTree.java:255) ~[glsl-processor-0.2.3.jar%23530!/:?]
	at TRANSFORMER/veil@4.3.2/foundry.veil.impl.client.render.shader.processor.VanillaShaderProcessor.modify(VanillaShaderProcessor.java:59) ~[veil-neoforge-1.21.1-4.3.2.jar%23501!/:4.3.2]
	at TRANSFORMER/veil@4.3.2/foundry.veil.impl.client.render.dynamicbuffer.VanillaShaderCompiler.compileShader(VanillaShaderCompiler.java:78) ~[veil-neoforge-1.21.1-4.3.2.jar%23501!/:4.3.2]
	at TRANSFORMER/veil@4.3.2/foundry.veil.impl.client.render.dynamicbuffer.VanillaShaderCompiler.lambda$reload$2(VanillaShaderCompiler.java:127) ~[veil-neoforge-1.21.1-4.3.2.jar%23501!/:4.3.2]
	at TRANSFORMER/veil@4.3.2/foundry.veil.impl.ThreadTaskScheduler.run(ThreadTaskScheduler.java:89) ~[veil-neoforge-1.21.1-4.3.2.jar%23501!/:4.3.2]
	at java.base/java.lang.Thread.run(Thread.java:1583) [?:?]
[13sep2026 11:47:23.415] [Render thread/INFO] [net.neoforged.neoforge.client.entity.animation.json.AnimationLoader/]: Loaded 0 entity animations
[13sep2026 11:47:23.415] [Render thread/INFO] [Veil/]: Loaded 3 framebuffers
[13sep2026 11:47:23.433] [Render thread/INFO] [Veil/]: Loaded 7 post pipelines
[13sep2026 11:47:23.441] [Render thread/INFO] [Veil/]: Loaded 4 render types
[13sep2026 11:47:23.442] [Render thread/INFO] [Veil/]: Enabled bloom pipeline
[13sep2026 11:47:23.442] [Render thread/INFO] [Veil/]: Loaded 0 quasar particles
[13sep2026 11:47:23.442] [Render thread/INFO] [Veil/]: Loaded 0 templates
[13sep2026 11:47:23.442] [Render thread/INFO] [Veil/]: Loaded 0 modules
[13sep2026 11:47:24.099] [Render thread/INFO] [Veil/]: Compiled 84 vanilla shaders in 735.7 ms
[13sep2026 11:47:24.144] [Render thread/INFO] [xaero.lib.XaeroLib/]: Successfully reloaded the XaeroLib shaders!
[13sep2026 11:47:24.150] [Render thread/WARN] [net.minecraft.server.packs.PathPackResources/]: Non [a-z0-9_.-] character in namespace LICENSE in pack , ignoring
[13sep2026 11:47:24.152] [Render thread/INFO] [net.minecraft.client.renderer.texture.TextureAtlas/]: Created: 512x256x0 mekanism:textures/atlas/robit.png-atlas
[13sep2026 11:47:24.181] [Render thread/INFO] [flywheel/backend/shaders/]: Loaded 77 shader sources in 20,387 ms
[13sep2026 11:47:24.202] [Render thread/INFO] [com.simibubi.create.Create/]: Loaded 58 train hat configurations.
[13sep2026 11:47:24.306] [Render thread/INFO] [DistantHorizons-DistantHorizons-com.seibel.distanthorizons.core.jar.updater.SelfUpdater/]: Checking for Distant Horizons [STABLE] update for MC [1.21.1]...
[13sep2026 11:47:24.612] [Render thread/INFO] [DistantHorizons-DistantHorizons-com.seibel.distanthorizons.core.jar.updater.SelfUpdater/]: Distant Horizons already up to date.
[13sep2026 11:47:24.642] [Render thread/INFO] [Iris/]: Creating pipeline for dimension minecraft:overworld
[13sep2026 11:47:26.271] [Render thread/WARN] [net.irisshaders.iris.gl.shader.ProgramCreator/]: Program link log for composite: Fragment info
-------------
0(147) : warning C7050: "fog_scattering" might be used before being initialized

[13sep2026 11:47:26.520] [Render thread/WARN] [Iris/]: Type is VERTEX
[13sep2026 11:47:26.523] [Render thread/WARN] [Iris/]: Type is FRAGMENT
[13sep2026 11:47:26.535] [Render thread/WARN] [Iris/]: Type is VERTEX
[13sep2026 11:47:26.539] [Render thread/WARN] [Iris/]: Type is FRAGMENT
[13sep2026 11:47:26.642] [Render thread/WARN] [Iris/]: Type is VERTEX
[13sep2026 11:47:26.644] [Render thread/WARN] [Iris/]: Type is FRAGMENT
[13sep2026 11:47:29.311] [Render thread/WARN] [Veil/]: Shader computercraft/monitor_tbo could not find uniform named CursorColour in the specified shader program.
[13sep2026 11:47:29.311] [Render thread/WARN] [Veil/]: Shader computercraft/monitor_tbo could not find uniform named CursorPos in the specified shader program.
[13sep2026 11:47:29.311] [Render thread/WARN] [Veil/]: Shader computercraft/monitor_tbo could not find uniform named Height in the specified shader program.
[13sep2026 11:47:29.311] [Render thread/WARN] [Veil/]: Shader computercraft/monitor_tbo could not find uniform named Width in the specified shader program.
[13sep2026 11:47:29.551] [Render thread/INFO] [Veil/]: Finished uploading vanilla shaders
